id_loan,id_direct_loantaker,name_direct_loantaker,id_ultimate_parent,name_ultimate_parent,loan_size_outstanding,loan_size_outstanding_currency,loan_size_credit_limit,loan_size_credit_limit_currency,sector_classification_system,sector_classification_direct_loantaker,lei_direct_loantaker,isin_direct_loantaker,id_2dii,level,sector,sector_abcd,name,name_abcd,score,source,borderline
L6,C304,Kassulke-Kassulke,UP83,"Farrell, Farrell and Farrell",185721,EUR,18570711,EUR,NACE,D35.11,108200TUBGG1DR0QR635,NA,DL129,direct_loantaker,power,power,Kassulke-Kassulke,Kassulke-Kassulke,1,loanbook,FALSE
L13,C297,Ladeck,UP69,Kuhlman-Kuhlman,200569,EUR,18718839,EUR,NACE,D35.11,948400P8YHB5DZHF3869,NA,DL144,direct_loantaker,power,power,Ladeck,Ladeck,1,loanbook,FALSE
L20,C287,Weinhold,UP35,Heinz,308217,EUR,19792767,EUR,NACE,D35.11,NA,NA,DL270,direct_loantaker,power,power,Weinhold,Weinhold,1,loanbook,FALSE
L21,C286,Gallo Group,UP63,Giordano Group,226553,EUR,18978063,EUR,NACE,D35.11,961100AOJ8SCT439AL00,NA,DL86,direct_loantaker,power,power,Gallo Group,Gallo Group,1,loanbook,FALSE
L22,C285,Austermuhle GmbH,UP187,Hickle-Hickle,196857,EUR,18681807,EUR,NACE,D35.11,NA,NA,DL5,direct_loantaker,power,power,Austermuhle GmbH,Austermuhle GmbH,1,loanbook,FALSE
L24,C282,Ferraro-Ferraro Group,UP209,NA,309145,EUR,19802025,EUR,NACE,D35.11,NA,NA,DL80,direct_loantaker,power,power,Ferraro-Ferraro Group,Ferraro-Ferraro Group,1,loanbook,FALSE
L25,C281,"Lockman, Lockman and Lockman",UP296,Butte,266457,EUR,19376157,EUR,NACE,D35.11,6700006IJUUQG37Y4004,NA,DL150,direct_loantaker,power,power,"Lockman, Lockman and Lockman","Lockman, Lockman and Lockman",1,loanbook,FALSE
L26,C280,"Ankunding, Ankunding and Ankunding",UP67,"De luca, De luca e De luca Group",199641,EUR,0,EUR,NACE,D35.11,NA,NA,DL3,direct_loantaker,power,power,"Ankunding, Ankunding and Ankunding","Ankunding, Ankunding and Ankunding",1,loanbook,FALSE
L27,C278,Donati-Donati Group,UP45,Christoph GmbH,197785,EUR,0,EUR,NACE,D35.11,463600EXRQBFGLX57N94,NA,DL65,direct_loantaker,power,power,Donati-Donati Group,Donati-Donati Group,1,loanbook,FALSE
L28,C276,"Ferraro, Ferraro e Ferraro SPA",UP195,Franke Franke AG & Co. KG,315641,EUR,-5000000,EUR,NACE,D35.11,NA,NA,DL79,direct_loantaker,power,power,"Ferraro, Ferraro e Ferraro SPA","Ferraro, Ferraro e Ferraro SPA",1,loanbook,FALSE
L29,C275,"Schowalter, Schowalter and Schowalter",UP246,Rosenbaum Inc,267385,EUR,-242,EUR,NACE,D35.11,904200T9C1VG2TKX9G87,NA,DL239,direct_loantaker,power,power,"Schowalter, Schowalter and Schowalter","Schowalter, Schowalter and Schowalter",1,loanbook,FALSE
L30,C274,Sanna SPA,UP33,NA,209849,EUR,18811419,EUR,NACE,D35.11,NA,NA,DL231,direct_loantaker,power,power,Sanna SPA,Sanna SPA,1,loanbook,FALSE
L31,C273,Caputo SPA,UP5,Peukert KGaA,204281,EUR,18755871,EUR,NACE,D35.11,573700U0GGNIB7X75J91,NA,DL40,direct_loantaker,power,power,Caputo SPA,Caputo SPA,1,loanbook,FALSE
L32,C272,Schuler,UP190,"Kassulke, Kassulke and Kassulke",320281,EUR,19913121,EUR,NACE,D35.11,493300J62D33ZUY2W779,NA,DL240,direct_loantaker,power,power,Schuler,Schuler,1,loanbook,FALSE
L33,C271,Weller AG,UP203,"D'angelo, D'angelo e D'angelo s.r.l.",378745,EUR,20496375,EUR,NACE,D35.11,NA,NA,DL272,direct_loantaker,power,power,Weller AG,Weller AG,1,loanbook,FALSE
L35,C269,"Hodkiewicz, Hodkiewicz and Hodkiewicz",UP173,Fiore Group,207065,EUR,18783645,EUR,NACE,D35.11,882000ML4TDX815EGP86,NA,DL121,direct_loantaker,power,power,"Hodkiewicz, Hodkiewicz and Hodkiewicz","Hodkiewicz, Hodkiewicz and Hodkiewicz",1,loanbook,FALSE
L36,C268,Bien,UP109,Schaaf Schaaf GbR,327705,EUR,19987185,EUR,NACE,D35.11,229600INN61VEYE5H386,NA,DL29,direct_loantaker,power,power,Bien,Bien,1,loanbook,FALSE
L38,C266,Jones Group,UP257,"King, King and King",223769,EUR,18950289,EUR,NACE,D35.11,NA,NA,DL127,direct_loantaker,power,power,Jones Group,Jones Group,1,loanbook,FALSE
L39,C265,Milani SPA,UP188,"Giuliani, Giuliani e Giuliani Group",208921,EUR,18802161,EUR,NACE,D35.11,6291001M45H8FH9DH728,NA,DL175,direct_loantaker,power,power,Milani SPA,Milani SPA,1,loanbook,FALSE
L40,C264,"Sala, Sala e Sala e figli",UP259,Kramer,350905,EUR,20218635,EUR,NACE,D35.11,NA,NA,DL229,direct_loantaker,power,power,"Sala, Sala e Sala e figli","Sala, Sala e Sala e figli",1,loanbook,FALSE
L41,C263,"Raynor, Raynor and Raynor",UP97,Bolzmannn GbR,275737,EUR,19468737,EUR,NACE,D35.11,NA,NA,DL198,direct_loantaker,power,power,"Raynor, Raynor and Raynor","Raynor, Raynor and Raynor",1,loanbook,FALSE
L42,C262,Rohan-Rohan,UP30,Rossi-Rossi e figli,224697,EUR,18959547,EUR,NACE,D35.11,NA,NA,DL213,direct_loantaker,power,power,Rohan-Rohan,Rohan-Rohan,1,loanbook,FALSE
L43,C261,Ullrich-Ullrich,UP152,Soding Soding Stiftung & Co. KG,230265,EUR,19015095,EUR,NACE,D35.11,NA,NA,DL258,direct_loantaker,power,power,Ullrich-Ullrich,Ullrich-Ullrich,1,loanbook,FALSE
L44,C260,Moretti Group,UP278,NA,357401,EUR,20283441,EUR,NACE,D35.11,NA,NA,DL178,direct_loantaker,power,power,Moretti Group,Moretti Group,1,loanbook,FALSE
L45,C259,Greenholt and Sons,UP156,NA,352761,EUR,20237151,EUR,NACE,D35.11,NA,NA,DL101,direct_loantaker,power,power,Greenholt and Sons,Greenholt and Sons,1,loanbook,FALSE
L46,C258,Hagenes-Hagenes,UP17,Heintze,311001,EUR,19820541,EUR,NACE,D35.11,NA,NA,DL105,direct_loantaker,power,power,Hagenes-Hagenes,Hagenes-Hagenes,1,loanbook,FALSE
L47,C257,Giuliani-Giuliani Group,UP38,Rizzo s.r.l.,411225,EUR,20820405,EUR,NACE,D35.11,NA,NA,DL95,direct_loantaker,power,power,Giuliani-Giuliani Group,Giuliani-Giuliani Group,1,loanbook,FALSE
L48,C256,Hellwig AG,UP201,Fontana e figli,240473,EUR,19116933,EUR,NACE,D35.11,202800HGYSGDZS9CJX53,NA,DL114,direct_loantaker,power,power,Hellwig AG,Hellwig AG,1,loanbook,FALSE
L49,C255,Milani-Milani SPA,UP66,Spencer LLC,305433,EUR,19764993,EUR,NACE,D35.11,NA,NA,DL176,direct_loantaker,power,power,Milani-Milani SPA,Milani-Milani SPA,1,loanbook,FALSE
L50,C254,Adler Adler AG & Co. KGaA,UP219,Santoro SPA,231193,EUR,19024353,EUR,NACE,D35.11,NA,NA,DL2,direct_loantaker,power,power,Adler Adler AG & Co. KGaA,Adler Adler AG & Co. KGaA,1,loanbook,FALSE
L51,C253,"Messina, Messina e Messina e figli",UP90,VonRuedenn Inc,236761,EUR,19079901,EUR,NACE,D35.11,NA,NA,DL171,direct_loantaker,power,power,"Messina, Messina e Messina e figli","Messina, Messina e Messina e figli",1,loanbook,FALSE
L52,C252,"Wisoky, Wisoky and Wisoky",UP73,NA,358329,EUR,20292699,EUR,NACE,D35.11,NA,NA,DL276,direct_loantaker,power,power,"Wisoky, Wisoky and Wisoky","Wisoky, Wisoky and Wisoky",1,loanbook,FALSE
L54,C250,Rohricht GmbH & Co. KG,UP43,Tintzmann,232121,EUR,19033611,EUR,NACE,D35.11,854700CQIWUJO40BIR43,NA,DL215,direct_loantaker,power,power,Rohricht GmbH & Co. KG,Rohricht GmbH & Co. KG,1,loanbook,FALSE
L57,C247,"Harris, Harris and Harris",UP85,NA,382457,EUR,20533407,EUR,NACE,D35.11,NA,NA,DL108,direct_loantaker,power,power,"Harris, Harris and Harris","Harris, Harris and Harris",1,loanbook,FALSE
L58,C246,Rinaldi-Rinaldi s.r.l.,UP166,"Adams, Adams and Adams",234905,EUR,19061385,EUR,NACE,D35.11,455700GSGBA02FV7WZ58,NA,DL206,direct_loantaker,power,power,Rinaldi-Rinaldi s.r.l.,Rinaldi-Rinaldi s.r.l.,1,loanbook,FALSE
L59,C245,"Kulas, Kulas and Kulas",UP169,Wymann PLC,249753,EUR,19209513,EUR,NACE,D35.11,NA,NA,DL142,direct_loantaker,power,power,"Kulas, Kulas and Kulas","Kulas, Kulas and Kulas",1,loanbook,FALSE
L60,C244,McClure-McClure,UP199,Marquardt-Marquardt,371321,EUR,20422311,EUR,NACE,D35.11,NA,NA,DL168,direct_loantaker,power,power,McClure-McClure,McClure-McClure,1,loanbook,FALSE
L62,C242,Palumbo-Palumbo Group,UP13,"Boyer, Boyer and Boyer",238617,EUR,19098417,EUR,NACE,D35.11,214900VX07I1Z7UEY421,NA,DL189,direct_loantaker,power,power,Palumbo-Palumbo Group,Palumbo-Palumbo Group,1,loanbook,FALSE
L63,C241,Murazik and Sons,UP221,Veum Inc,252537,EUR,19237287,EUR,NACE,D35.11,NA,NA,DL180,direct_loantaker,power,power,Murazik and Sons,Murazik and Sons,1,loanbook,FALSE
L64,C240,Gatti s.r.l.,UP261,Weinhold,376889,EUR,20477859,EUR,NACE,D35.11,307500FB00XIVM781V53,NA,DL89,direct_loantaker,power,power,Gatti s.r.l.,Gatti s.r.l.,1,loanbook,FALSE
L65,C239,Buckridge Ltd,UP76,"Mertz, Mertz and Mertz",399161,EUR,20700051,EUR,NACE,D35.11,NA,NA,DL37,direct_loantaker,power,power,Buckridge Ltd,Buckridge Ltd,1,loanbook,FALSE
L66,C238,"Marchetti, Marchetti e Marchetti Group",UP131,Trost e.G.,251609,EUR,19228029,EUR,NACE,D35.11,318500J26YDD5XR0ZZ68,NA,DL163,direct_loantaker,power,power,"Marchetti, Marchetti e Marchetti Group","Marchetti, Marchetti e Marchetti Group",1,loanbook,FALSE
L67,C237,Benedetti-Benedetti SPA,UP175,Bernardi-Bernardi SPA,264601,EUR,19357641,EUR,NACE,D35.11,NA,NA,DL20,direct_loantaker,power,power,Benedetti-Benedetti SPA,Benedetti-Benedetti SPA,1,loanbook,FALSE
L68,C236,Flantz Flantz KG,UP86,NA,379673,EUR,20505633,EUR,NACE,D35.11,NA,NA,DL84,direct_loantaker,power,power,Flantz Flantz KG,Flantz Flantz KG,1,loanbook,FALSE
L69,C235,Weinhold Weinhold GmbH,UP241,"Aufderhar, Aufderhar and Aufderhar",233977,EUR,19052127,EUR,NACE,D35.11,NA,NA,DL271,direct_loantaker,power,power,Weinhold Weinhold GmbH,Weinhold Weinhold GmbH,1,loanbook,FALSE
L70,C234,Wende Wende AG & Co. OHG,UP124,Boucsein KG,253465,EUR,19246545,EUR,NACE,D35.11,NA,NA,DL273,direct_loantaker,power,power,Wende Wende AG & Co. OHG,Wende Wende AG & Co. OHG,1,loanbook,FALSE
L71,C233,Steinberg GbR,UP93,"Grasso, Grasso e Grasso e figli",271097,EUR,19422447,EUR,NACE,D35.11,548200FHZB9UNAI8BS24,NA,DL253,direct_loantaker,power,power,Steinberg GbR,Steinberg GbR,1,loanbook,FALSE
L72,C232,"Bradtke, Bradtke and Bradtke",UP280,NA,380601,EUR,20514891,EUR,NACE,D35.11,NA,NA,DL33,direct_loantaker,power,power,"Bradtke, Bradtke and Bradtke","Bradtke, Bradtke and Bradtke",1,loanbook,FALSE
L73,C231,"Bernardi, Bernardi e Bernardi SPA",UP74,Coppola SPA,349977,EUR,20209377,EUR,NACE,D35.11,NA,NA,DL24,direct_loantaker,power,power,"Bernardi, Bernardi e Bernardi SPA","Bernardi, Bernardi e Bernardi SPA",1,loanbook,FALSE
L74,C230,Wulf Wulf GbR,UP65,Radisch Radisch e.G.,254393,EUR,19255803,EUR,NACE,D35.11,151300YX0HS3852G3394,NA,DL278,direct_loantaker,power,power,Wulf Wulf GbR,Wulf Wulf GbR,1,loanbook,FALSE
L75,C229,"Witting, Witting and Witting",UP216,Cassin-Cassin,277593,EUR,19487253,EUR,NACE,D35.11,NA,NA,DL277,direct_loantaker,power,power,"Witting, Witting and Witting","Witting, Witting and Witting",1,loanbook,FALSE
L76,C228,"Quigley, Quigley and Quigley",UP34,Guerra Group,399161,EUR,20700051,EUR,NACE,D35.11,530200GSYJBLVIVF2G99,NA,DL197,direct_loantaker,power,power,"Quigley, Quigley and Quigley","Quigley, Quigley and Quigley",1,loanbook,FALSE
L77,C146,Reinger and Sons,UP272,"Messina, Messina e Messina e figli",404729,EUR,20755599,EUR,NACE,D35.11,NA,NA,DL202,direct_loantaker,power,power,Reinger and Sons,Reinger and Sons,1,loanbook,FALSE
L78,C145,Weimer KG,UP21,Dohn AG,257177,EUR,19283577,EUR,NACE,D35.11,NA,NA,DL269,direct_loantaker,power,power,Weimer KG,Weimer KG,1,loanbook,FALSE
L79,C144,Costantini-Costantini SPA,UP204,Sorgatz KGaA,283161,EUR,19542801,EUR,NACE,D35.11,090700OE0Y8F3QE55849,NA,DL55,direct_loantaker,power,power,Costantini-Costantini SPA,Costantini-Costantini SPA,1,loanbook,FALSE
L80,C143,"Kihn, Kihn and Kihn",UP151,Carstenn GmbH & Co. OHG,401017,EUR,20718567,EUR,NACE,D35.11,NA,NA,DL134,direct_loantaker,power,power,"Kihn, Kihn and Kihn","Kihn, Kihn and Kihn",1,loanbook,FALSE
L81,C142,Butte Butte AG & Co. OHG,UP293,Mies Mies GmbH & Co. KG,411225,EUR,20820405,EUR,NACE,D35.11,NA,NA,DL39,direct_loantaker,power,power,Butte Butte AG & Co. OHG,Butte Butte AG & Co. OHG,1,loanbook,FALSE
L82,C141,"Longo, Longo e Longo e figli",UP88,"Pellegrini, Pellegrini e Pellegrini Group",260889,EUR,19320609,EUR,NACE,D35.11,NA,NA,DL154,direct_loantaker,power,power,"Longo, Longo e Longo e figli","Longo, Longo e Longo e figli",1,loanbook,FALSE
L83,C140,"Kassulke, Kassulke and Kassulke",UP135,Tlustek AG,286873,EUR,19579833,EUR,NACE,D35.11,NA,NA,DL128,direct_loantaker,power,power,"Kassulke, Kassulke and Kassulke","Kassulke, Kassulke and Kassulke",1,loanbook,FALSE
L85,C138,Lombardo s.r.l.,UP160,"Carbone, Carbone e Carbone e figli",198713,EUR,18700323,EUR,NACE,D35.11,371500VYQ759CF0GQB95,NA,DL153,direct_loantaker,power,power,Lombardo s.r.l.,Lombardo s.r.l.,1,loanbook,FALSE
L86,C137,Marchetti s.r.l.,UP1,"Giordano, Giordano e Giordano e figli",263673,EUR,19348383,EUR,NACE,D35.11,275600DKF5IK97A17060,NA,DL162,direct_loantaker,power,power,Marchetti s.r.l.,Marchetti s.r.l.,1,loanbook,FALSE
L87,C136,Hein Hein GmbH,UP256,Rohricht Rohricht Stiftung & Co. KG,296153,EUR,19672413,EUR,NACE,D35.11,977500C32WJVEBLUWU86,NA,DL112,direct_loantaker,power,power,Hein Hein GmbH,Hein Hein GmbH,1,loanbook,FALSE
L88,C135,Mariani-Mariani s.r.l.,UP116,Kruschwitz,409369,EUR,20801889,EUR,NACE,D35.11,NA,NA,DL165,direct_loantaker,power,power,Mariani-Mariani s.r.l.,Mariani-Mariani s.r.l.,1,loanbook,FALSE
L90,C133,Hills-Hills,UP312,Jessel AG & Co. KG,314713,EUR,19857573,EUR,NACE,D35.11,226200MV96DEAYN2KL21,NA,DL119,direct_loantaker,power,power,Hills-Hills,Hills-Hills,1,loanbook,FALSE
L91,C132,Bruno-Bruno s.r.l.,UP141,Ferrara Group,395449,EUR,20663019,EUR,NACE,D35.11,NA,NA,DL36,direct_loantaker,power,power,Bruno-Bruno s.r.l.,Bruno-Bruno s.r.l.,1,loanbook,FALSE
L92,C131,"Russo, Russo e Russo Group",UP214,"Messina, Messina e Messina Group",241401,EUR,19126191,EUR,NACE,D35.11,NA,NA,DL228,direct_loantaker,power,power,"Russo, Russo e Russo Group","Russo, Russo e Russo Group",1,loanbook,FALSE
L93,C130,Atzler Atzler AG & Co. OHG,UP14,Jahn,242329,EUR,19135449,EUR,NACE,D35.11,926100JC4MV0O4I38L49,NA,DL4,direct_loantaker,power,power,Atzler Atzler AG & Co. OHG,Atzler Atzler AG & Co. OHG,1,loanbook,FALSE
L94,C129,Roskoth GmbH,UP31,"Martino, Martino e Martino SPA",269241,EUR,19403931,EUR,NACE,D35.11,200900HDATHIC924GT68,NA,DL220,direct_loantaker,power,power,Roskoth GmbH,Roskoth GmbH,1,loanbook,FALSE
L95,C128,Rizzi s.r.l.,UP240,NA,300793,EUR,19718703,EUR,NACE,D35.11,NA,NA,DL210,direct_loantaker,power,power,Rizzi s.r.l.,Rizzi s.r.l.,1,loanbook,FALSE
L96,C127,Kassulke-Kassulke,UP277,NA,182937,EUR,18542937,EUR,NACE,D35.11,NA,NA,DL129,direct_loantaker,power,power,Kassulke-Kassulke,Kassulke-Kassulke,1,loanbook,FALSE
L97,C126,Romaguera-Romaguera,UP158,Kuphall LLC,311929,EUR,19829799,EUR,NACE,D35.11,NA,NA,DL216,direct_loantaker,power,power,Romaguera-Romaguera,Romaguera-Romaguera,1,loanbook,FALSE
L98,C124,"Runolfsson, Runolfsson and Runolfsson",UP64,Marchetti e figli,272953,EUR,19440963,EUR,NACE,D35.11,NA,NA,DL226,direct_loantaker,power,power,"Runolfsson, Runolfsson and Runolfsson","Runolfsson, Runolfsson and Runolfsson",1,loanbook,FALSE
L99,C123,"Kassulke, Kassulke and Kassulke",UP44,Nolan-Nolan,304505,EUR,19755735,EUR,NACE,D35.11,604100G24O8MZTQCSV33,NA,DL128,direct_loantaker,power,power,"Kassulke, Kassulke and Kassulke","Kassulke, Kassulke and Kassulke",1,loanbook,FALSE
L100,C122,Lombardi-Lombardi s.r.l.,UP37,Berger Berger AG,215417,EUR,18866967,EUR,NACE,D35.11,827700DNBCHT9DDNTW75,NA,DL152,direct_loantaker,power,power,Lombardi-Lombardi s.r.l.,Lombardi-Lombardi s.r.l.,1,loanbook,FALSE
L151,C168,Messina SPA,UP318,Legross and Sons,396377,EUR,20672277,EUR,NACE,C29.1,NA,NA,DL170,direct_loantaker,automotive,automotive,Messina SPA,Messina SPA,1,loanbook,TRUE
L152,C169,Hand-Hand,UP242,Caruso-Caruso e figli,319353,EUR,19903863,EUR,NACE,C29.1,NA,NA,DL107,direct_loantaker,automotive,automotive,Hand-Hand,Hand-Hand,1,loanbook,TRUE
L153,C170,Caruso-Caruso e figli,UP128,Fischer,258105,EUR,19292835,EUR,NACE,C29.1,638200YG984KP9ZTJ759,NA,DL46,direct_loantaker,automotive,automotive,Caruso-Caruso e figli,Caruso-Caruso e figli,1,loanbook,TRUE
L154,C171,Hellwig Hellwig AG & Co. OHG,UP89,Buchholz Buchholz e.V.,332345,EUR,20033475,EUR,NACE,C29.1,257600JGW317YV4XHQ42,NA,DL115,direct_loantaker,automotive,automotive,Hellwig Hellwig AG & Co. OHG,Hellwig Hellwig AG & Co. OHG,1,loanbook,TRUE
L155,C173,Ferrari-Ferrari SPA,UP114,Ehlert,203353,EUR,18746613,EUR,NACE,C29.1,992500A1UU4N3NLQRJ05,NA,DL78,direct_loantaker,automotive,automotive,Ferrari-Ferrari SPA,Ferrari-Ferrari SPA,1,loanbook,TRUE
L156,C176,Beyer,UP145,Tintzmann Tintzmann GmbH,329561,EUR,20005701,EUR,NACE,C29.1,62630004LFJ4OC10R554,NA,DL27,direct_loantaker,automotive,automotive,Beyer,Beyer,1,loanbook,TRUE
L157,C178,Spencer and Sons,UP309,Marks and Sons,261817,EUR,19329867,EUR,NACE,C29.1,390100LTJFMS02JAJ025,NA,DL249,direct_loantaker,automotive,automotive,Spencer and Sons,Spencer and Sons,1,loanbook,TRUE
L158,C180,"Beier, Beier and Beier",UP234,Lower,337913,EUR,20089023,EUR,NACE,C29.1,NA,NA,DL18,direct_loantaker,automotive,automotive,"Beier, Beier and Beier","Beier, Beier and Beier",1,loanbook,TRUE
L159,C182,Mante-Mante,UP202,Anders Anders GmbH,227481,EUR,18987321,EUR,NACE,C29.1,926100EP72NL7PBJUE55,NA,DL161,direct_loantaker,automotive,automotive,Mante-Mante,Mante-Mante,1,loanbook,TRUE
L160,C184,Reichmann Stiftung & Co. KGaA,UP185,Steckel GmbH,334201,EUR,20051991,EUR,NACE,C29.1,2298001LMMI9ZRQOVV89,NA,DL200,direct_loantaker,automotive,automotive,Reichmann Stiftung & Co. KGaA,Reichmann Stiftung & Co. KGaA,1,loanbook,TRUE
L161,C185,Giordano e figli,UP147,Ruppersberger,273881,EUR,19450221,EUR,NACE,C29.1,360700E6KZAGG1W14U71,NA,DL92,direct_loantaker,automotive,automotive,Giordano e figli,Giordano e figli,1,loanbook,TRUE
L162,C188,Ferry and Sons,UP230,Hettner GmbH & Co. OHG,338841,EUR,20098281,EUR,NACE,C29.1,687600IDEUM3GI00MO56,NA,DL81,direct_loantaker,automotive,automotive,Ferry and Sons,Ferry and Sons,1,loanbook,TRUE
L163,C192,Goyette-Goyette,UP305,Meyer Meyer GmbH & Co. OHG,245113,EUR,19163223,EUR,NACE,C29.1,NA,NA,DL96,direct_loantaker,automotive,automotive,Goyette-Goyette,Goyette-Goyette,1,loanbook,TRUE
L164,C193,"Hilpert, Hilpert and Hilpert",UP94,Ullrich-Ullrich,335129,EUR,20061249,EUR,NACE,C29.1,NA,NA,DL120,direct_loantaker,automotive,automotive,"Hilpert, Hilpert and Hilpert","Hilpert, Hilpert and Hilpert",1,loanbook,TRUE
L165,C195,"Rinaldi, Rinaldi e Rinaldi SPA",UP79,Etzler AG & Co. KG,285945,EUR,19570575,EUR,NACE,C29.1,NA,NA,DL205,direct_loantaker,automotive,automotive,"Rinaldi, Rinaldi e Rinaldi SPA","Rinaldi, Rinaldi e Rinaldi SPA",1,loanbook,TRUE
L166,C196,Trost GmbH & Co. KGaA,UP206,Walter Walter KG,339769,EUR,20107539,EUR,NACE,C29.1,498800BZIWLJQXXGDR25,NA,DL256,direct_loantaker,automotive,automotive,Trost GmbH & Co. KGaA,Trost GmbH & Co. KGaA,1,loanbook,TRUE
L167,C197,"Hoeger, Hoeger and Hoeger",UP212,Gatti SPA,295225,EUR,19663155,EUR,NACE,C29.1,502700ZWWRDXIOCPG075,NA,DL122,direct_loantaker,automotive,automotive,"Hoeger, Hoeger and Hoeger","Hoeger, Hoeger and Hoeger",1,loanbook,TRUE
L168,C199,Pfeffer Ltd,UP95,NA,336985,EUR,20079765,EUR,NACE,C29.1,NA,NA,DL194,direct_loantaker,automotive,automotive,Pfeffer Ltd,Pfeffer Ltd,1,loanbook,TRUE
L169,C201,Seip,UP227,Conte SPA,324921,EUR,19959411,EUR,NACE,C29.1,NA,NA,DL242,direct_loantaker,automotive,automotive,Seip,Seip,1,loanbook,TRUE
L170,C203,"Donati, Donati e Donati s.r.l.",UP23,Shields-Shields,341625,EUR,20126055,EUR,NACE,C29.1,NA,NA,DL64,direct_loantaker,automotive,automotive,"Donati, Donati e Donati s.r.l.","Donati, Donati e Donati s.r.l.",1,loanbook,TRUE
L171,C204,"Esposito, Esposito e Esposito Group",UP290,Lynch LLC,303577,EUR,19746477,EUR,NACE,C29.1,867000OMQKH8KC45GM01,NA,DL74,direct_loantaker,automotive,automotive,"Esposito, Esposito e Esposito Group","Esposito, Esposito e Esposito Group",1,loanbook,TRUE
L172,C206,Esposito e figli,UP171,NA,344409,EUR,20153829,EUR,NACE,C29.1,NA,NA,DL73,direct_loantaker,automotive,automotive,Esposito e figli,Esposito e figli,1,loanbook,TRUE
L173,C207,"Bernardi, Bernardi e Bernardi SPA",UP233,Binss Inc,333273,EUR,20042733,EUR,NACE,C29.1,NA,NA,DL23,direct_loantaker,automotive,automotive,"Bernardi, Bernardi e Bernardi SPA","Bernardi, Bernardi e Bernardi SPA",1,loanbook,TRUE
L174,C211,Hyatt Inc,UP53,Anderson-Anderson,342553,EUR,20135313,EUR,NACE,C29.1,3616000S2Y5LA38B6I56,NA,DL125,direct_loantaker,automotive,automotive,Hyatt Inc,Hyatt Inc,1,loanbook,TRUE
L175,C212,"Bellini, Bellini e Bellini SPA",UP303,"Guerra, Guerra e Guerra SPA",312857,EUR,19839057,EUR,NACE,C29.1,383400J2O2BPSD3T9592,NA,DL19,direct_loantaker,automotive,automotive,"Bellini, Bellini e Bellini SPA","Bellini, Bellini e Bellini SPA",1,loanbook,TRUE
L176,C213,Lynch LLC,UP119,NA,349049,EUR,20200119,EUR,NACE,C29.1,NA,NA,DL157,direct_loantaker,automotive,automotive,Lynch LLC,Lynch LLC,1,loanbook,TRUE
L177,C214,"Costa, Costa e Costa s.r.l.",UP191,Wiec KG,270169,EUR,19413189,EUR,NACE,C29.1,NA,NA,DL53,direct_loantaker,automotive,automotive,"Costa, Costa e Costa s.r.l.","Costa, Costa e Costa s.r.l.",1,loanbook,TRUE
L178,C215,Nette e.G.,UP144,Harloff GmbH & Co. OHG,340697,EUR,20116797,EUR,NACE,C29.1,NA,NA,DL183,direct_loantaker,automotive,automotive,Nette e.G.,Nette e.G.,1,loanbook,TRUE
L180,C217,Schlosser GmbH & Co. KG,UP25,Murray-Murray,255321,EUR,19265061,EUR,NACE,C29.1,20010016E7Y1P0VXVH89,NA,DL235,direct_loantaker,automotive,automotive,Schlosser GmbH & Co. KG,Schlosser GmbH & Co. KG,1,loanbook,TRUE
L181,C218,Stanton-Stanton,UP36,Orlando-Orlando SPA,343481,EUR,20144571,EUR,NACE,C29.1,330000OP2XDO8OQ9MT00,NA,DL252,direct_loantaker,automotive,automotive,Stanton-Stanton,Stanton-Stanton,1,loanbook,TRUE
L182,C219,Salz Salz Stiftung & Co. KG,UP149,Nette GmbH,346265,EUR,20172345,EUR,NACE,C29.1,NA,NA,DL230,direct_loantaker,automotive,automotive,Salz Salz Stiftung & Co. KG,Salz Salz Stiftung & Co. KG,1,loanbook,TRUE
L183,C221,"Guerra, Guerra e Guerra SPA",UP245,Spencer and Sons,316569,EUR,19876089,EUR,NACE,C29.1,749600EPC8OYUIAFL289,NA,DL103,direct_loantaker,automotive,automotive,"Guerra, Guerra e Guerra SPA","Guerra, Guerra e Guerra SPA",1,loanbook,TRUE
L184,C222,Pellegrino s.r.l.,UP176,Wilms,355545,EUR,20264925,EUR,NACE,C29.1,057900AZ9I7TKCF03H02,NA,DL192,direct_loantaker,automotive,automotive,Pellegrino s.r.l.,Pellegrino s.r.l.,1,loanbook,TRUE
L185,C223,Parisi-Parisi SPA,UP136,Trost Trost AG & Co. KGaA,351833,EUR,20227893,EUR,NACE,C29.1,561400VX6FXV705YEX18,NA,DL191,direct_loantaker,automotive,automotive,Parisi-Parisi SPA,Parisi-Parisi SPA,1,loanbook,TRUE
L186,C224,Meyer Meyer GmbH & Co. OHG,UP182,Basile e figli,354617,EUR,20255667,EUR,NACE,C29.1,587900TG2F7U0SK3WV72,NA,DL173,direct_loantaker,automotive,automotive,Meyer Meyer GmbH & Co. OHG,Meyer Meyer GmbH & Co. OHG,1,loanbook,TRUE
L187,C225,"Kuhlman, Kuhlman and Kuhlman",UP294,"Costa, Costa e Costa s.r.l.",328633,EUR,19996443,EUR,NACE,C29.1,NA,NA,DL141,direct_loantaker,automotive,automotive,"Kuhlman, Kuhlman and Kuhlman","Kuhlman, Kuhlman and Kuhlman",1,loanbook,TRUE
L188,C277,Hornich,UP317,"Costa, Costa e Costa s.r.l.",369465,EUR,20403795,EUR,NACE,C29.1,NA,NA,DL124,direct_loantaker,automotive,automotive,Hornich,Hornich,1,loanbook,TRUE
L191,C300,DuBuque-DuBuque,UP307,Hornich,360185,EUR,20311215,EUR,NACE,C29.1,NA,NA,DL68,direct_loantaker,automotive,automotive,DuBuque-DuBuque,DuBuque-DuBuque,1,loanbook,TRUE
L192,C306,Marks and Sons,UP146,Fontana-Fontana s.r.l.,370393,EUR,20413053,EUR,NACE,C29.1,NA,NA,DL166,direct_loantaker,automotive,automotive,Marks and Sons,Marks and Sons,1,loanbook,TRUE
L193,C310,Bahr,UP80,Wernecke,368537,EUR,20394537,EUR,NACE,C29.1,NA,NA,DL6,direct_loantaker,automotive,automotive,Bahr,Bahr,1,loanbook,TRUE
L194,C311,Schmidtke AG & Co. OHG,UP274,"Esposito, Esposito e Esposito Group",362969,EUR,20338989,EUR,NACE,C29.1,307800AD44KPT5K7A668,NA,DL237,direct_loantaker,automotive,automotive,Schmidtke AG & Co. OHG,Schmidtke AG & Co. OHG,1,loanbook,TRUE
L195,C313,Schmidt AG,UP52,"Grassi, Grassi e Grassi s.r.l.",389881,EUR,20607471,EUR,NACE,C29.1,NA,NA,DL236,direct_loantaker,automotive,automotive,Schmidt AG,Schmidt AG,1,loanbook,TRUE
L196,C314,Reichert LLC,UP250,Giordano e figli,375033,EUR,20459343,EUR,NACE,C29.1,NA,NA,DL199,direct_loantaker,automotive,automotive,Reichert LLC,Reichert LLC,1,loanbook,TRUE
L197,C316,"Costa, Costa e Costa s.r.l.",UP276,Esposito e figli,402873,EUR,20737083,EUR,NACE,C29.1,800200L7ZGTXMICIO550,NA,DL53,direct_loantaker,automotive,automotive,"Costa, Costa e Costa s.r.l.","Costa, Costa e Costa s.r.l.",1,loanbook,TRUE
L198,C317,Vitale Group,UP58,Jahn,373177,EUR,20440827,EUR,NACE,C29.1,926100JC4MV0O4I38L49,NA,DL262,direct_loantaker,automotive,automotive,Vitale Group,Vitale Group,1,loanbook,TRUE
L200,C319,Christiansen PLC,UP181,NA,377817,EUR,20487117,EUR,NACE,C29.1,NA,NA,DL48,direct_loantaker,automotive,automotive,Christiansen PLC,Christiansen PLC,1,loanbook,TRUE
L203,C119,Kramer GmbH & Co. OHG,UP255,Muhle Muhle Stiftung & Co. KGaA,406585,EUR,20774115,EUR,NACE,C23.51,794400JJOM5J2YZBTJ67,NA,DL139,direct_loantaker,cement,cement,Kramer GmbH & Co. OHG,Kramer GmbH & Co. OHG,1,loanbook,FALSE
L205,C189,"Parisi, Parisi e Parisi SPA",UP289,Moore Group,201497,EUR,18728097,EUR,NACE,C23.51,3740009Q0QJORV4Y2M06,NA,DL190,direct_loantaker,cement,cement,"Parisi, Parisi e Parisi SPA","Parisi, Parisi e Parisi SPA",1,loanbook,FALSE
L206,C18,"Hettinger, Hettinger and Hettinger",UP159,NA,381529,EUR,20524149,EUR,NACE,C23.51,NA,NA,DL118,direct_loantaker,cement,cement,"Hettinger, Hettinger and Hettinger","Hettinger, Hettinger and Hettinger",1,loanbook,FALSE
L207,C9,Kuvalis Group,UP301,Valentini e figli,216345,EUR,18876225,EUR,NACE,C23.51,250300WFV49NO5D2AA34,NA,DL143,direct_loantaker,cement,cement,Kuvalis Group,Kuvalis Group,1,loanbook,FALSE
L209,C172,Heidrich GmbH,UP184,NA,212633,EUR,18839193,EUR,NACE,C23.51,NA,NA,DL111,direct_loantaker,cement,cement,Heidrich GmbH,Heidrich GmbH,1,loanbook,FALSE
L214,C190,Durgan-Durgan,UP270,Sala SPA,386169,EUR,20570439,EUR,NACE,C23.51,NA,NA,DL69,direct_loantaker,cement,cement,Durgan-Durgan,Durgan-Durgan,1,loanbook,FALSE
L215,C14,Carsten GmbH & Co. KG,UP47,Metz,193145,EUR,18644775,EUR,NACE,C23.51,NA,NA,DL42,direct_loantaker,cement,cement,Carsten GmbH & Co. KG,Carsten GmbH & Co. KG,1,loanbook,FALSE
L216,C157,Vitali-Vitali Group,UP183,Boyle Inc,403801,EUR,20746341,EUR,NACE,C23.51,544400J3G6SCX6J5WL14,NA,DL265,direct_loantaker,cement,cement,Vitali-Vitali Group,Vitali-Vitali Group,1,loanbook,FALSE
L222,C10,"Bergstrom, Bergstrom and Bergstrom",UP226,Karz,403801,EUR,20746341,EUR,NACE,C23.51,NA,NA,DL22,direct_loantaker,cement,cement,"Bergstrom, Bergstrom and Bergstrom","Bergstrom, Bergstrom and Bergstrom",1,loanbook,FALSE
L225,C120,Villa Group,UP298,Amato-Amato s.r.l.,388025,EUR,20588955,EUR,NACE,C23.51,497300211XTQ2K7LW961,NA,DL260,direct_loantaker,cement,cement,Villa Group,Villa Group,1,loanbook,FALSE
L227,C100,"Ferrari, Ferrari e Ferrari Group",UP120,NA,398233,EUR,20690793,EUR,NACE,C23.51,NA,NA,DL77,direct_loantaker,cement,cement,"Ferrari, Ferrari e Ferrari Group","Ferrari, Ferrari e Ferrari Group",1,loanbook,FALSE
L233,C205,Macejkovic Inc,UP231,Fabbri SPA,392665,EUR,20635245,EUR,NACE,C23.51,NA,NA,DL158,direct_loantaker,cement,cement,Macejkovic Inc,Macejkovic Inc,1,loanbook,FALSE
L240,C25,Eberhardt Eberhardt GmbH,UP148,NA,281305,EUR,19524285,EUR,NACE,C23.51,NA,NA,DL70,direct_loantaker,cement,cement,Eberhardt Eberhardt GmbH,Eberhardt Eberhardt GmbH,1,loanbook,FALSE
L241,C99,Johnson Inc,UP217,NA,400089,EUR,20709309,EUR,NACE,C23.51,NA,NA,DL126,direct_loantaker,cement,cement,Johnson Inc,Johnson Inc,1,loanbook,FALSE
L316,C3,"Maggio, Maggio and Maggio",UP7,"Maggio, Maggio and Maggio",300049,EUR,300049,EUR,NACE,H51.10,NA,NA,DL159,direct_loantaker,aviation,aviation,"Maggio, Maggio and Maggio","Maggio, Maggio and Maggio",1,loanbook,FALSE
L317,C4,Dobes,UP8,Dobes,300050,EUR,300050,EUR,NACE,H51.10,NA,NA,DL61,direct_loantaker,aviation,aviation,Dobes,Dobes,1,loanbook,FALSE
L318,C5,Grasso e figli,UP9,Grasso e figli,300051,EUR,300051,EUR,NACE,H51.10,775500Z7W7FAQO7LAN70,NA,DL99,direct_loantaker,aviation,aviation,Grasso e figli,Grasso e figli,1,loanbook,FALSE
L319,C6,Rossi-Rossi Group,UP10,Rossi-Rossi Group,300052,EUR,300052,EUR,NACE,H51.10,NA,NA,DL222,direct_loantaker,aviation,aviation,Rossi-Rossi Group,Rossi-Rossi Group,1,loanbook,FALSE
L323,C322,Soding Soding Stiftung & Co. KG,UP322,Soding Soding Stiftung & Co. KG,350055,EUR,350057,EUR,NACE,C24.10,NA,NA,DL248,direct_loantaker,steel,steel,Soding Soding Stiftung & Co. KG,Soding Soding Stiftung & Co. KG,1,loanbook,FALSE
L1,C294,Vitale Group,UP15,Scholz KGaA,225625,EUR,18968805,EUR,NACE,D35.11,NA,NA,UP190,ultimate_parent,power,power,Scholz KGaA,Scholz KGaA,1,loanbook,FALSE
L3,C292,Rowe-Rowe,UP288,"Harvey, Harvey and Harvey",410297,EUR,20811147,EUR,NACE,D35.11,801600ATB1D513IUFZ77,NA,UP101,ultimate_parent,power,power,"Harvey, Harvey and Harvey","Harvey, Harvey and Harvey",1,loanbook,FALSE
L5,C305,Ring AG & Co. KGaA,UP104,"Conti, Conti e Conti SPA",406585,EUR,20774115,EUR,NACE,D35.11,NA,NA,UP39,ultimate_parent,power,power,"Conti, Conti e Conti SPA","Conti, Conti e Conti SPA",1,loanbook,FALSE
L7,C227,Morissette Group,UP134,Weller AG,184793,EUR,18561453,EUR,NACE,D35.11,NA,NA,UP224,ultimate_parent,power,power,Weller AG,Weller AG,1,loanbook,FALSE
L9,C301,Werner Werner AG & Co. KGaA,UP138,Leone-Leone s.r.l.,407513,EUR,20783373,EUR,NACE,D35.11,NA,NA,UP132,ultimate_parent,power,power,Leone-Leone s.r.l.,Leone-Leone s.r.l.,1,loanbook,FALSE
L10,C302,De rosa s.r.l.,UP32,"Benedetti, Benedetti e Benedetti Group",186649,EUR,18579969,EUR,NACE,D35.11,NA,NA,UP12,ultimate_parent,power,power,"Benedetti, Benedetti e Benedetti Group","Benedetti, Benedetti e Benedetti Group",1,loanbook,FALSE
L11,C309,Donnelly and Sons,UP81,Bianco e figli,191289,EUR,18626259,EUR,NACE,D35.11,428900A72KWJF1NS8R68,NA,UP20,ultimate_parent,power,power,Bianco e figli,Bianco e figli,1,loanbook,FALSE
L12,C298,Longo-Longo s.r.l.,UP269,Lorch AG & Co. KG,294297,EUR,19653897,EUR,NACE,D35.11,3964002V1QVPR0TVKP02,NA,UP134,ultimate_parent,power,power,Lorch AG & Co. KG,Lorch AG & Co. KG,1,loanbook,FALSE
L14,C296,Gallo e figli,UP3,Gleichner-Gleichner,187577,EUR,18589227,EUR,NACE,D35.11,215100AKY9SNKI9FVK45,NA,UP85,ultimate_parent,power,power,Gleichner-Gleichner,Gleichner-Gleichner,1,loanbook,FALSE
L15,C295,"Silvestri, Silvestri e Silvestri s.r.l.",UP196,Partzelt Partzelt AG,192217,EUR,18635517,EUR,NACE,D35.11,8300002JSECGX9QFNJ97,NA,UP168,ultimate_parent,power,power,Partzelt Partzelt AG,Partzelt Partzelt AG,1,loanbook,FALSE
L17,C290,"De luca, De luca e De luca e figli",UP6,Fontana SPA,205209,EUR,18765129,EUR,NACE,D35.11,NA,NA,UP71,ultimate_parent,power,power,Fontana SPA,Fontana SPA,1,loanbook,FALSE
L18,C284,"Mariani, Mariani e Mariani s.r.l.",UP121,McGlynn LLC,189433,EUR,18607743,EUR,NACE,D35.11,7444009O64MJFH06C955,NA,UP144,ultimate_parent,power,power,McGlynn LLC,McGlynn LLC,1,loanbook,FALSE
L19,C289,Harris-Harris,UP78,"Emard, Emard and Emard",194073,EUR,18654033,EUR,NACE,D35.11,NA,NA,UP58,ultimate_parent,power,power,"Emard, Emard and Emard","Emard, Emard and Emard",1,loanbook,FALSE
L23,C283,Bahringer-Bahringer,UP297,"Colombo, Colombo e Colombo s.r.l.",195929,EUR,18672549,EUR,NACE,D35.11,116900CRU4F5NLVDLP13,NA,UP37,ultimate_parent,power,power,"Colombo, Colombo e Colombo s.r.l.","Colombo, Colombo e Colombo s.r.l.",1,loanbook,FALSE
L34,C270,Conti s.r.l.,UP100,"Ziemann, Ziemann and Ziemann",217273,EUR,18885483,EUR,NACE,D35.11,NA,NA,UP234,ultimate_parent,power,power,"Ziemann, Ziemann and Ziemann","Ziemann, Ziemann and Ziemann",1,loanbook,FALSE
L53,C251,Brownn Inc,UP91,Krause Krause GbR,325849,EUR,19968669,EUR,NACE,D35.11,NA,NA,UP124,ultimate_parent,power,power,Krause Krause GbR,Krause Krause GbR,1,loanbook,FALSE
L55,C249,Kostolzinn GmbH & Co. KG,UP72,Fechner Fechner KG,239545,EUR,19107675,EUR,NACE,D35.11,NA,NA,UP64,ultimate_parent,power,power,Fechner Fechner KG,Fechner Fechner KG,1,loanbook,FALSE
L56,C248,"Sporer, Sporer and Sporer",UP224,"Pacocha, Pacocha and Pacocha",359257,EUR,20301957,EUR,NACE,D35.11,NA,NA,UP165,ultimate_parent,power,power,"Pacocha, Pacocha and Pacocha","Pacocha, Pacocha and Pacocha",1,loanbook,FALSE
L61,C243,Sipess Inc,UP252,"Ebert, Ebert and Ebert",405657,EUR,20764857,EUR,NACE,D35.11,NA,NA,UP54,ultimate_parent,power,power,"Ebert, Ebert and Ebert","Ebert, Ebert and Ebert",1,loanbook,FALSE
L84,C139,Silvestri e figli,UP263,Bianchi-Bianchi e figli,408441,EUR,20792631,EUR,NACE,D35.11,NA,NA,UP18,ultimate_parent,power,power,Bianchi-Bianchi e figli,Bianchi-Bianchi e figli,1,loanbook,FALSE
L89,C134,Carstenn GbR,UP300,Kramer GbR,235833,EUR,19070643,EUR,NACE,D35.11,540300ZH0TAW257CEC02,NA,UP123,ultimate_parent,power,power,Kramer GbR,Kramer GbR,1,loanbook,FALSE
L179,C216,Pieper Pieper AG,UP258,Ferry and Sons,402873,EUR,20737083,EUR,NACE,C29.1,NA,NA,UP67,ultimate_parent,automotive,automotive,Ferry and Sons,Ferry and Sons,1,loanbook,TRUE
L189,C279,Schenc Schenk GmbH & Co. OHG,UP102,"Gutkowski, Gutkowski and Gutkowski",363897,EUR,20348247,EUR,NACE,C29.1,239400AAI3T80RFC7333,NA,UP96,ultimate_parent,automotive,automotive,"Gutkowski, Gutkowski and Gutkowski","Gutkowski, Gutkowski and Gutkowski",1,loanbook,TRUE
L199,C318,Legross and Sons,UP304,Parisi-Parisi SPA,393593,EUR,20644503,EUR,NACE,C29.1,531600P6W8MC9A30LQ31,NA,UP167,ultimate_parent,automotive,automotive,Parisi-Parisi SPA,Parisi-Parisi SPA,1,loanbook,TRUE
L201,C104,Bernardi-Bernardi Group,UP117,Battaglia-Battaglia Group,188505,EUR,18598485,EUR,NACE,C23.51,NA,NA,UP11,ultimate_parent,cement,cement,Battaglia-Battaglia Group,Battaglia-Battaglia Group,1,loanbook,FALSE
L202,C98,"Rice, Rice and Rice",UP260,Ferrari s.r.l.,374105,EUR,20450085,EUR,NACE,C23.51,031100Y5FY0GD8BQ7L93,NA,UP66,ultimate_parent,cement,cement,Ferrari s.r.l.,Ferrari s.r.l.,1,loanbook,FALSE
L208,C108,Gallo-Gallo s.r.l.,UP236,Hovel Hovel GmbH & Co. KGaA,395449,EUR,20663019,EUR,NACE,C23.51,NA,NA,UP110,ultimate_parent,cement,cement,Hovel Hovel GmbH & Co. KGaA,Hovel Hovel GmbH & Co. KGaA,1,loanbook,FALSE
L210,C95,Kessler Ltd,UP60,"Grassi, Grassi e Grassi SPA",384313,EUR,20551923,EUR,NACE,C23.51,NA,NA,UP88,ultimate_parent,cement,cement,"Grassi, Grassi e Grassi SPA","Grassi, Grassi e Grassi SPA",1,loanbook,FALSE
L211,C96,Bechtelar-Bechtelar,UP49,Hellwig Hellwig KG,268313,EUR,19394673,EUR,NACE,C23.51,NA,NA,UP104,ultimate_parent,cement,cement,Hellwig Hellwig KG,Hellwig Hellwig KG,1,loanbook,FALSE
L213,C102,Mielcarek Mielcarek GmbH & Co. OHG,UP133,"Gentile, Gentile e Gentile e figli",237689,EUR,19089159,EUR,NACE,C23.51,450200P8SBJ3GNY00P10,NA,UP78,ultimate_parent,cement,cement,"Gentile, Gentile e Gentile e figli","Gentile, Gentile e Gentile e figli",1,loanbook,FALSE
L217,C16,Runolfsson PLC,UP129,Gorlitz,243257,EUR,19144707,EUR,NACE,C23.51,954600AE7XTKZPK1XD66,NA,UP86,ultimate_parent,cement,cement,Gorlitz,Gorlitz,1,loanbook,FALSE
L219,C36,Negri s.r.l.,UP275,Geissler Geissler AG & Co. KGaA,397305,EUR,20681535,EUR,NACE,C23.51,9228007IKJICWJA72K27,NA,UP77,ultimate_parent,cement,cement,Geissler Geissler AG & Co. KGaA,Geissler Geissler AG & Co. KGaA,1,loanbook,FALSE
L223,C307,"Bartoletti, Bartoletti and Bartoletti",UP2,"Vitali, Vitali e Vitali s.r.l.",265529,EUR,19366899,EUR,NACE,C23.51,934100D0SRYWN0G7N092,NA,UP218,ultimate_parent,cement,cement,"Vitali, Vitali e Vitali s.r.l.","Vitali, Vitali e Vitali s.r.l.",1,loanbook,FALSE
L224,C174,Silvestri-Silvestri s.r.l.,UP68,Gusikowski-Gusikowski,246969,EUR,19181739,EUR,NACE,C23.51,300600YWWFH3K5R3YU43,NA,UP95,ultimate_parent,cement,cement,Gusikowski-Gusikowski,Gusikowski-Gusikowski,1,loanbook,FALSE
L238,C226,Carbone Group,UP39,"Milani, Milani e Milani SPA",210777,EUR,18820677,EUR,NACE,C23.51,8127002MKEIYHSBRPW54,NA,UP151,ultimate_parent,cement,cement,"Milani, Milani e Milani SPA","Milani, Milani e Milani SPA",1,loanbook,FALSE
L239,C164,Simonis and Sons,UP26,Crist-Crist,412153,EUR,20829663,EUR,NACE,C23.51,217900XNTVDRBIZRWC67,NA,UP44,ultimate_parent,cement,cement,Crist-Crist,Crist-Crist,1,loanbook,FALSE
L314,C208,Rosemann AG,UP279,"Bernardi, Bernardi e Bernardi SPA",300047,EUR,300047,EUR,NACE,C29.10,NA,NA,UP15,ultimate_parent,automotive,automotive,"Bernardi, Bernardi e Bernardi SPA","Bernardi, Bernardi e Bernardi SPA",1,loanbook,TRUE
L315,C208,Rosemann AG,UP279,"Bernardi, Bernardi e Bernardi SPA",300048,EUR,300048,EUR,NACE,C29.10,NA,NA,UP15,ultimate_parent,automotive,automotive,"Bernardi, Bernardi e Bernardi SPA","Bernardi, Bernardi e Bernardi SPA",1,loanbook,TRUE
