run_id,asset_id,asset_name,company_id,company_name,country_iso2,sector,technology,year,production_plan_company_technology,production_baseline_scenario,production_target_scenario,production_shock_scenario,pd,net_profit_margin,debt_equity_ratio,volatility,scenario_price_baseline,price_shock_scenario,net_profits_baseline_scenario,net_profits_shock_scenario,discounted_net_profits_baseline_scenario,discounted_net_profits_shock_scenario,baseline_scenario,target_scenario,scenario_geography,carbon_price_model,risk_free_rate,discount_rate,growth_rate,div_netprofit_prop_coef,shock_year,market_passthrough
4672123c-e0d8-45b0-9dff-402524d20be8,VN_ABCD_022_OpenHearth_2025,NA,VN_ABCD_022,NA,NA,Steel,OpenHearth,2025,NA,NA,NA,NA,NA,NA,NA,NA,NA,NA,76390797,NA,76390797,NA,VN_PDP8_BASELINE,VN_NZE_STRESS,Vietnam,steel_intensity_transition,0.03,0.06,0.02,1,2028,0.15
4672123c-e0d8-45b0-9dff-402524d20be8,VN_ABCD_022_OpenHearth_2025,NA,VN_ABCD_022,NA,NA,Steel,OpenHearth,2026,NA,NA,NA,NA,NA,NA,NA,NA,NA,NA,78555574.85888661,NA,74109032.88574208,NA,VN_PDP8_BASELINE,VN_NZE_STRESS,Vietnam,steel_intensity_transition,0.03,0.06,0.02,1,2028,0.15
4672123c-e0d8-45b0-9dff-402524d20be8,VN_ABCD_022_OpenHearth_2025,NA,VN_ABCD_022,NA,NA,Steel,OpenHearth,2027,NA,NA,NA,NA,NA,NA,NA,NA,NA,NA,80626420.00009204,NA,71757226.77117482,NA,VN_PDP8_BASELINE,VN_NZE_STRESS,Vietnam,steel_intensity_transition,0.03,0.06,0.02,1,2028,0.15
4672123c-e0d8-45b0-9dff-402524d20be8,VN_ABCD_022_OpenHearth_2025,NA,VN_ABCD_022,NA,NA,Steel,OpenHearth,2028,NA,NA,NA,NA,NA,NA,NA,NA,NA,NA,83024071.23997512,NA,69708611.16893066,NA,VN_PDP8_BASELINE,VN_NZE_STRESS,Vietnam,steel_intensity_transition,0.03,0.06,0.02,1,2028,0.15
4672123c-e0d8-45b0-9dff-402524d20be8,VN_ABCD_022_OpenHearth_2025,NA,VN_ABCD_022,NA,NA,Steel,OpenHearth,2029,NA,NA,NA,NA,NA,NA,NA,NA,NA,NA,85364315.54136242,NA,67616533.40696403,NA,VN_PDP8_BASELINE,VN_NZE_STRESS,Vietnam,steel_intensity_transition,0.03,0.06,0.02,1,2028,0.15
4672123c-e0d8-45b0-9dff-402524d20be8,VN_ABCD_022_OpenHearth_2025,NA,VN_ABCD_022,NA,NA,Steel,OpenHearth,2030,NA,NA,NA,NA,NA,NA,NA,NA,NA,NA,87609370.93057428,NA,65466818.44752559,NA,VN_PDP8_BASELINE,VN_NZE_STRESS,Vietnam,steel_intensity_transition,0.03,0.06,0.02,1,2028,0.15
4672123c-e0d8-45b0-9dff-402524d20be8,VN_ABCD_022_OpenHearth_2025,NA,VN_ABCD_022,NA,NA,Steel,OpenHearth,2031,NA,NA,NA,NA,NA,NA,NA,NA,NA,NA,89847680.49402362,NA,63339069.39831826,NA,VN_PDP8_BASELINE,VN_NZE_STRESS,Vietnam,steel_intensity_transition,0.03,0.06,0.02,1,2028,0.15
4672123c-e0d8-45b0-9dff-402524d20be8,VN_ABCD_022_OpenHearth_2025,NA,VN_ABCD_022,NA,NA,Steel,OpenHearth,2032,NA,NA,NA,NA,NA,NA,NA,NA,NA,NA,92078154.66872379,NA,61237231.771652475,NA,VN_PDP8_BASELINE,VN_NZE_STRESS,Vietnam,steel_intensity_transition,0.03,0.06,0.02,1,2028,0.15
4672123c-e0d8-45b0-9dff-402524d20be8,VN_ABCD_022_OpenHearth_2025,NA,VN_ABCD_022,NA,NA,Steel,OpenHearth,2033,NA,NA,NA,NA,NA,NA,NA,NA,NA,NA,93919717.76209827,NA,2347992944.052457,NA,VN_PDP8_BASELINE,VN_NZE_STRESS,Vietnam,steel_intensity_transition,0.03,0.06,0.02,1,2028,0.15
4672123c-e0d8-45b0-9dff-402524d20be8,VN_ABCD_022_OpenHearth_2026,Hoa Phat Group JSC :: OpenHearth :: 2026,VN_ABCD_022,Hoa Phat Group JSC,VN,Steel,OpenHearth,2025,7820890,7820890,7820890,7820890,0.024,0.109,1.55,0.27,92,92,78427884.92,78427884.92,78427884.92,78427884.92,VN_PDP8_BASELINE,VN_NZE_STRESS,Vietnam,steel_intensity_transition,0.03,0.06,0.02,1,2028,0.15
4672123c-e0d8-45b0-9dff-402524d20be8,VN_ABCD_022_OpenHearth_2026,Hoa Phat Group JSC :: OpenHearth :: 2026,VN_ABCD_022,Hoa Phat Group JSC,VN,Steel,OpenHearth,2026,7763910,7763910,7711185.372330036,7763910,0.024,0.109,1.55,0.27,93.9,93.9,79464395.241,79464395.241,74966410.60471697,74966410.60471697,VN_PDP8_BASELINE,VN_NZE_STRESS,Vietnam,steel_intensity_transition,0.03,0.06,0.02,1,2028,0.15
4672123c-e0d8-45b0-9dff-402524d20be8,VN_ABCD_022_OpenHearth_2026,Hoa Phat Group JSC :: OpenHearth :: 2026,VN_ABCD_022,Hoa Phat Group JSC,VN,Steel,OpenHearth,2027,NA,7811233.758352102,7584478.81744998,7811233.758352102,0.024,0.109,1.55,0.27,95.8,95.8,81566465.15146431,81566465.15146431,72593863.60934879,72593863.60934879,VN_PDP8_BASELINE,VN_NZE_STRESS,Vietnam,steel_intensity_transition,0.03,0.06,0.02,1,2028,0.15
4672123c-e0d8-45b0-9dff-402524d20be8,VN_ABCD_022_OpenHearth_2026,Hoa Phat Group JSC :: OpenHearth :: 2026,VN_ABCD_022,Hoa Phat Group JSC,VN,Steel,OpenHearth,2028,NA,7849626.8581908895,7441478.7375412695,7558134.486153912,0.024,0.109,1.55,0.27,98.1734,98.1734,83998076.756591,38358988.21393313,70526404.9824612,32206946.18202705,VN_PDP8_BASELINE,VN_NZE_STRESS,Vietnam,steel_intensity_transition,0.03,0.06,0.02,1,2028,0.15
4672123c-e0d8-45b0-9dff-402524d20be8,VN_ABCD_022_OpenHearth_2026,Hoa Phat Group JSC :: OpenHearth :: 2026,VN_ABCD_022,Hoa Phat Group JSC,VN,Steel,OpenHearth,2029,NA,7877506.630891324,7283464.942357546,7305035.213955721,0.024,0.109,1.55,0.27,100.5886,107.14645,86370222.62063618,33011242.65109647,68413306.03026305,26147996.119546182,VN_PDP8_BASELINE,VN_NZE_STRESS,Vietnam,steel_intensity_transition,0.03,0.06,0.02,1,2028,0.15
4672123c-e0d8-45b0-9dff-402524d20be8,VN_ABCD_022_OpenHearth_2026,Hoa Phat Group JSC :: OpenHearth :: 2026,VN_ABCD_022,Hoa Phat Group JSC,VN,Steel,OpenHearth,2030,NA,7895226.854841171,7109738.867481527,7051935.941757531,0.024,0.109,1.55,0.27,103.0057,116.11949999999999,88644617.20374674,26742869.79562463,66240414.68608283,19983828.020673323,VN_PDP8_BASELINE,VN_NZE_STRESS,Vietnam,steel_intensity_transition,0.03,0.06,0.02,1,2028,0.15
4672123c-e0d8-45b0-9dff-402524d20be8,VN_ABCD_022_OpenHearth_2026,Hoa Phat Group JSC :: OpenHearth :: 2026,VN_ABCD_022,Hoa Phat Group JSC,VN,Steel,OpenHearth,2031,NA,7911531.808362868,6937557.0975166075,6798836.669559341,0.024,0.109,1.55,0.27,105.4228,125.09254999999999,90912086.07240778,20842350.182179213,64089433.330102965,14693034.448462045,VN_PDP8_BASELINE,VN_NZE_STRESS,Vietnam,steel_intensity_transition,0.03,0.06,0.02,1,2028,0.15
4672123c-e0d8-45b0-9dff-402524d20be8,VN_ABCD_022_OpenHearth_2026,Hoa Phat Group JSC :: OpenHearth :: 2026,VN_ABCD_022,Hoa Phat Group JSC,VN,Steel,OpenHearth,2032,NA,7926421.491456416,6766919.632462789,6545737.39736115,0.024,0.109,1.55,0.27,107.8399,134.0656,93171510.60861968,15309683.810760198,61964375.917201474,10181814.125654785,VN_PDP8_BASELINE,VN_NZE_STRESS,Vietnam,steel_intensity_transition,0.03,0.06,0.02,1,2028,0.15
4672123c-e0d8-45b0-9dff-402524d20be8,VN_ABCD_022_OpenHearth_2026,Hoa Phat Group JSC :: OpenHearth :: 2026,VN_ABCD_022,Hoa Phat Group JSC,VN,Steel,OpenHearth,2033,NA,NA,NA,NA,0.024,0.109,1.55,0.27,NA,NA,95034940.82079206,15615877.486975402,2375873520.519802,390396937.1743851,VN_PDP8_BASELINE,VN_NZE_STRESS,Vietnam,steel_intensity_transition,0.03,0.06,0.02,1,2028,0.15
4672123c-e0d8-45b0-9dff-402524d20be8,VN_ABCD_022_OpenHearth_2027,Hoa Phat Group JSC :: OpenHearth :: 2027,VN_ABCD_022,Hoa Phat Group JSC,VN,Steel,OpenHearth,2025,8024030,8024030,8024030,8024030,0.024,0.109,1.55,0.27,92,92,80464972.84,80464972.84,80464972.84,80464972.84,VN_PDP8_BASELINE,VN_NZE_STRESS,Vietnam,steel_intensity_transition,0.03,0.06,0.02,1,2028,0.15
4672123c-e0d8-45b0-9dff-402524d20be8,VN_ABCD_022_OpenHearth_2027,Hoa Phat Group JSC :: OpenHearth :: 2027,VN_ABCD_022,Hoa Phat Group JSC,VN,Steel,OpenHearth,2026,7965570,7965570,7911475.901481465,7965570,0.024,0.109,1.55,0.27,93.9,93.9,81528405.507,81528405.507,76913590.10094339,76913590.10094339,VN_PDP8_BASELINE,VN_NZE_STRESS,Vietnam,steel_intensity_transition,0.03,0.06,0.02,1,2028,0.15
4672123c-e0d8-45b0-9dff-402524d20be8,VN_ABCD_022_OpenHearth_2027,Hoa Phat Group JSC :: OpenHearth :: 2027,VN_ABCD_022,Hoa Phat Group JSC,VN,Steel,OpenHearth,2027,7904739.999999999,7904739.999999999,7781478.267253876,7904739.999999999,0.024,0.109,1.55,0.27,95.8,95.8,82542876.02799998,82542876.02799998,73462865.81345671,73462865.81345671,VN_PDP8_BASELINE,VN_NZE_STRESS,Vietnam,steel_intensity_transition,0.03,0.06,0.02,1,2028,0.15
4672123c-e0d8-45b0-9dff-402524d20be8,VN_ABCD_022_OpenHearth_2027,Hoa Phat Group JSC :: OpenHearth :: 2027,VN_ABCD_022,Hoa Phat Group JSC,VN,Steel,OpenHearth,2028,NA,7944130.323211223,7634763.899555329,7688819.899484018,0.024,0.109,1.55,0.27,98.1734,98.1734,85009348.94212916,39257323.6806108,71375488.60983326,32961205.96248144,VN_PDP8_BASELINE,VN_NZE_STRESS,Vietnam,steel_intensity_transition,0.03,0.06,0.02,1,2028,0.15
4672123c-e0d8-45b0-9dff-402524d20be8,VN_ABCD_022_OpenHearth_2027,Hoa Phat Group JSC :: OpenHearth :: 2027,VN_ABCD_022,Hoa Phat Group JSC,VN,Steel,OpenHearth,2029,NA,7972734.245851927,7472645.849951248,7472899.798968036,0.024,0.109,1.55,0.27,100.5886,107.14645,87414313.17989083,34060610.80096463,69240323.5460953,26979193.98146056,VN_PDP8_BASELINE,VN_NZE_STRESS,Vietnam,steel_intensity_transition,0.03,0.06,0.02,1,2028,0.15
4672123c-e0d8-45b0-9dff-402524d20be8,VN_ABCD_022_OpenHearth_2027,Hoa Phat Group JSC :: OpenHearth :: 2027,VN_ABCD_022,Hoa Phat Group JSC,VN,Steel,OpenHearth,2030,NA,7990914.735358913,7294407.409494035,7256979.6984520545,0.024,0.109,1.55,0.27,103.0057,116.11949999999999,89718964.48919961,27870078.568389736,67043229.47563395,20826143.98864837,VN_PDP8_BASELINE,VN_NZE_STRESS,Vietnam,steel_intensity_transition,0.03,0.06,0.02,1,2028,0.15
4672123c-e0d8-45b0-9dff-402524d20be8,VN_ABCD_022_OpenHearth_2027,Hoa Phat Group JSC :: OpenHearth :: 2027,VN_ABCD_022,Hoa Phat Group JSC,VN,Steel,OpenHearth,2031,NA,8007643.1941668885,7117753.385763793,7041059.597936073,0.024,0.109,1.55,0.27,105.4228,125.09254999999999,92016510.19537185,21989362.55243373,64868008.75670233,15501632.908887664,VN_PDP8_BASELINE,VN_NZE_STRESS,Vietnam,steel_intensity_transition,0.03,0.06,0.02,1,2028,0.15
4672123c-e0d8-45b0-9dff-402524d20be8,VN_ABCD_022_OpenHearth_2027,Hoa Phat Group JSC :: OpenHearth :: 2027,VN_ABCD_022,Hoa Phat Group JSC,VN,Steel,OpenHearth,2032,NA,8022919.622275853,6942683.778760524,6825139.497420091,0.024,0.109,1.55,0.27,107.8399,134.0656,94305802.62539497,16418462.753096601,62718744.891882904,10919215.44869026,VN_PDP8_BASELINE,VN_NZE_STRESS,Vietnam,steel_intensity_transition,0.03,0.06,0.02,1,2028,0.15
4672123c-e0d8-45b0-9dff-402524d20be8,VN_ABCD_022_OpenHearth_2027,Hoa Phat Group JSC :: OpenHearth :: 2027,VN_ABCD_022,Hoa Phat Group JSC,VN,Steel,OpenHearth,2033,NA,NA,NA,NA,0.024,0.109,1.55,0.27,NA,NA,96191918.67790288,16746832.008158533,2404797966.947572,418670800.2039634,VN_PDP8_BASELINE,VN_NZE_STRESS,Vietnam,steel_intensity_transition,0.03,0.06,0.02,1,2028,0.15
4672123c-e0d8-45b0-9dff-402524d20be8,VN_ABCD_022_OpenHearth_2028,Hoa Phat Group JSC :: OpenHearth :: 2028,VN_ABCD_022,Hoa Phat Group JSC,VN,Steel,OpenHearth,2025,8227170,8227170,8227170,8227170,0.024,0.109,1.55,0.27,92,92,82502060.76,82502060.76,82502060.76,82502060.76,VN_PDP8_BASELINE,VN_NZE_STRESS,Vietnam,steel_intensity_transition,0.03,0.06,0.02,1,2028,0.15
4672123c-e0d8-45b0-9dff-402524d20be8,VN_ABCD_022_OpenHearth_2028,Hoa Phat Group JSC :: OpenHearth :: 2028,VN_ABCD_022,Hoa Phat Group JSC,VN,Steel,OpenHearth,2026,8167230,8167230,8111766.430632895,8167230,0.024,0.109,1.55,0.27,93.9,93.9,83592415.773,83592415.773,78860769.59716982,78860769.59716982,VN_PDP8_BASELINE,VN_NZE_STRESS,Vietnam,steel_intensity_transition,0.03,0.06,0.02,1,2028,0.15
4672123c-e0d8-45b0-9dff-402524d20be8,VN_ABCD_022_OpenHearth_2028,Hoa Phat Group JSC :: OpenHearth :: 2028,VN_ABCD_022,Hoa Phat Group JSC,VN,Steel,OpenHearth,2027,8104859.999999999,8104859.999999999,7978477.717057771,8104859.999999999,0.024,0.109,1.55,0.27,95.8,95.8,84632569.092,84632569.092,75322685.20113918,75322685.20113918,VN_PDP8_BASELINE,VN_NZE_STRESS,Vietnam,steel_intensity_transition,0.03,0.06,0.02,1,2028,0.15
4672123c-e0d8-45b0-9dff-402524d20be8,VN_ABCD_022_OpenHearth_2028,Hoa Phat Group JSC :: OpenHearth :: 2028,VN_ABCD_022,Hoa Phat Group JSC,VN,Steel,OpenHearth,2028,8041680,8041680,7828049.061569387,7883473.567825385,0.024,0.109,1.55,0.27,98.1734,98.1734,86053218.337008,40492213.23892195,72251941.48274077,33998043.048054725,VN_PDP8_BASELINE,VN_NZE_STRESS,Vietnam,steel_intensity_transition,0.03,0.06,0.02,1,2028,0.15
4672123c-e0d8-45b0-9dff-402524d20be8,VN_ABCD_022_OpenHearth_2028,Hoa Phat Group JSC :: OpenHearth :: 2028,VN_ABCD_022,Hoa Phat Group JSC,VN,Steel,OpenHearth,2029,NA,8071008.072580977,7661826.757544951,7662087.135650771,0.024,0.109,1.55,0.27,100.5886,107.14645,88491802.88444845,35221059.542002425,70093796.3132796,27898378.075749133,VN_PDP8_BASELINE,VN_NZE_STRESS,Vietnam,steel_intensity_transition,0.03,0.06,0.02,1,2028,0.15
4672123c-e0d8-45b0-9dff-402524d20be8,VN_ABCD_022_OpenHearth_2028,Hoa Phat Group JSC :: OpenHearth :: 2028,VN_ABCD_022,Hoa Phat Group JSC,VN,Steel,OpenHearth,2030,NA,8089648.827645102,7479075.951506542,7440700.703476157,0.024,0.109,1.55,0.27,103.0057,116.11949999999999,90827513.48678817,28934128.256208137,67871601.77410448,21621263.814206246,VN_PDP8_BASELINE,VN_NZE_STRESS,Vietnam,steel_intensity_transition,0.03,0.06,0.02,1,2028,0.15
4672123c-e0d8-45b0-9dff-402524d20be8,VN_ABCD_022_OpenHearth_2028,Hoa Phat Group JSC :: OpenHearth :: 2028,VN_ABCD_022,Hoa Phat Group JSC,VN,Steel,OpenHearth,2031,NA,8106800.791739353,7297949.674010978,7219314.271301542,0.024,0.109,1.55,0.27,105.4228,125.09254999999999,93155938.59730436,22960754.344966523,65671260.81872099,16186425.791930249,VN_PDP8_BASELINE,VN_NZE_STRESS,Vietnam,steel_intensity_transition,0.03,0.06,0.02,1,2028,0.15
4672123c-e0d8-45b0-9dff-402524d20be8,VN_ABCD_022_OpenHearth_2028,Hoa Phat Group JSC :: OpenHearth :: 2028,VN_ABCD_022,Hoa Phat Group JSC,VN,Steel,OpenHearth,2032,NA,8122463.964863735,7118447.925058259,6997927.839126929,0.024,0.109,1.55,0.27,107.8399,134.0656,95475901.48797145,17300937.8082776,63496927.4640808,11506111.761732647,VN_PDP8_BASELINE,VN_NZE_STRESS,Vietnam,steel_intensity_transition,0.03,0.06,0.02,1,2028,0.15
4672123c-e0d8-45b0-9dff-402524d20be8,VN_ABCD_022_OpenHearth_2028,Hoa Phat Group JSC :: OpenHearth :: 2028,VN_ABCD_022,Hoa Phat Group JSC,VN,Steel,OpenHearth,2033,NA,NA,NA,NA,0.024,0.109,1.55,0.27,NA,NA,97385419.51773089,17646956.564443152,2434635487.9432726,441173914.11107886,VN_PDP8_BASELINE,VN_NZE_STRESS,Vietnam,steel_intensity_transition,0.03,0.06,0.02,1,2028,0.15
4672123c-e0d8-45b0-9dff-402524d20be8,VN_ABCD_022_OpenHearth_2029,Hoa Phat Group JSC :: OpenHearth :: 2029,VN_ABCD_022,Hoa Phat Group JSC,VN,Steel,OpenHearth,2025,8430310,8430310,8430310,8430310,0.024,0.109,1.55,0.27,92,92,84539148.68,84539148.68,84539148.68,84539148.68,VN_PDP8_BASELINE,VN_NZE_STRESS,Vietnam,steel_intensity_transition,0.03,0.06,0.02,1,2028,0.15
4672123c-e0d8-45b0-9dff-402524d20be8,VN_ABCD_022_OpenHearth_2029,Hoa Phat Group JSC :: OpenHearth :: 2029,VN_ABCD_022,Hoa Phat Group JSC,VN,Steel,OpenHearth,2026,8368890,8368890,8312056.959784325,8368890,0.024,0.109,1.55,0.27,93.9,93.9,85656426.039,85656426.039,80807949.09339623,80807949.09339623,VN_PDP8_BASELINE,VN_NZE_STRESS,Vietnam,steel_intensity_transition,0.03,0.06,0.02,1,2028,0.15
4672123c-e0d8-45b0-9dff-402524d20be8,VN_ABCD_022_OpenHearth_2029,Hoa Phat Group JSC :: OpenHearth :: 2029,VN_ABCD_022,Hoa Phat Group JSC,VN,Steel,OpenHearth,2027,8304979.999999999,8304979.999999999,8175477.166861667,8304979.999999999,0.024,0.109,1.55,0.27,95.8,95.8,86722262.15599999,86722262.15599999,77182504.58882162,77182504.58882162,VN_PDP8_BASELINE,VN_NZE_STRESS,Vietnam,steel_intensity_transition,0.03,0.06,0.02,1,2028,0.15
4672123c-e0d8-45b0-9dff-402524d20be8,VN_ABCD_022_OpenHearth_2029,Hoa Phat Group JSC :: OpenHearth :: 2029,VN_ABCD_022,Hoa Phat Group JSC,VN,Steel,OpenHearth,2028,8240240,8240240,8021334.223583446,8078127.236166753,0.024,0.109,1.55,0.27,98.1734,98.1734,88177989.160144,41739005.67439849,74035940.03787018,35044874.01881964,VN_PDP8_BASELINE,VN_NZE_STRESS,Vietnam,steel_intensity_transition,0.03,0.06,0.02,1,2028,0.15
4672123c-e0d8-45b0-9dff-402524d20be8,VN_ABCD_022_OpenHearth_2029,Hoa Phat Group JSC :: OpenHearth :: 2029,VN_ABCD_022,Hoa Phat Group JSC,VN,Steel,OpenHearth,2029,8173840,8173840,7851007.6651386535,7851274.472333507,0.024,0.109,1.55,0.27,100.5886,107.14645,89619268.322416,36396231.97670489,70986854.54221356,28829224.71448895,VN_PDP8_BASELINE,VN_NZE_STRESS,Vietnam,steel_intensity_transition,0.03,0.06,0.02,1,2028,0.15
4672123c-e0d8-45b0-9dff-402524d20be8,VN_ABCD_022_OpenHearth_2029,Hoa Phat Group JSC :: OpenHearth :: 2029,VN_ABCD_022,Hoa Phat Group JSC,VN,Steel,OpenHearth,2030,NA,8192941.0206212625,7663744.493519049,7624421.7085002605,0.024,0.109,1.55,0.27,103.0057,116.11949999999999,91987239.11277103,30015880.565186635,68738216.22640237,22429612.068107154,VN_PDP8_BASELINE,VN_NZE_STRESS,Vietnam,steel_intensity_transition,0.03,0.06,0.02,1,2028,0.15
4672123c-e0d8-45b0-9dff-402524d20be8,VN_ABCD_022_OpenHearth_2029,Hoa Phat Group JSC :: OpenHearth :: 2029,VN_ABCD_022,Hoa Phat Group JSC,VN,Steel,OpenHearth,2031,NA,8210516.490001796,7478145.962258162,7397568.944667014,0.024,0.109,1.55,0.27,105.4228,125.09254999999999,94347744.52261558,23952625.10390359,66511436.9679276,16885655.538196836,VN_PDP8_BASELINE,VN_NZE_STRESS,Vietnam,steel_intensity_transition,0.03,0.06,0.02,1,2028,0.15
4672123c-e0d8-45b0-9dff-402524d20be8,VN_ABCD_022_OpenHearth_2029,Hoa Phat Group JSC :: OpenHearth :: 2029,VN_ABCD_022,Hoa Phat Group JSC,VN,Steel,OpenHearth,2032,NA,8226566.408141594,7294212.071355994,7170716.180833768,0.024,0.109,1.55,0.27,107.8399,134.0656,96699578.76891102,18206465.59285577,64310742.744547695,12108339.456449034,VN_PDP8_BASELINE,VN_NZE_STRESS,Vietnam,steel_intensity_transition,0.03,0.06,0.02,1,2028,0.15
4672123c-e0d8-45b0-9dff-402524d20be8,VN_ABCD_022_OpenHearth_2029,Hoa Phat Group JSC :: OpenHearth :: 2029,VN_ABCD_022,Hoa Phat Group JSC,VN,Steel,OpenHearth,2033,NA,NA,NA,NA,0.024,0.109,1.55,0.27,NA,NA,98633570.34428924,18570594.904712886,2465839258.6072316,464264872.61782223,VN_PDP8_BASELINE,VN_NZE_STRESS,Vietnam,steel_intensity_transition,0.03,0.06,0.02,1,2028,0.15
4672123c-e0d8-45b0-9dff-402524d20be8,VN_ABCD_022_OpenHearth_2030,Hoa Phat Group JSC :: OpenHearth :: 2030,VN_ABCD_022,Hoa Phat Group JSC,VN,Steel,OpenHearth,2025,8633450,8633450,8633450,8633450,0.024,0.109,1.55,0.27,92,92,86576236.6,86576236.6,86576236.6,86576236.6,VN_PDP8_BASELINE,VN_NZE_STRESS,Vietnam,steel_intensity_transition,0.03,0.06,0.02,1,2028,0.15
4672123c-e0d8-45b0-9dff-402524d20be8,VN_ABCD_022_OpenHearth_2030,Hoa Phat Group JSC :: OpenHearth :: 2030,VN_ABCD_022,Hoa Phat Group JSC,VN,Steel,OpenHearth,2026,8570550,8570550,8512347.488935754,8570550,0.024,0.109,1.55,0.27,93.9,93.9,87720436.305,87720436.305,82755128.58962265,82755128.58962265,VN_PDP8_BASELINE,VN_NZE_STRESS,Vietnam,steel_intensity_transition,0.03,0.06,0.02,1,2028,0.15
4672123c-e0d8-45b0-9dff-402524d20be8,VN_ABCD_022_OpenHearth_2030,Hoa Phat Group JSC :: OpenHearth :: 2030,VN_ABCD_022,Hoa Phat Group JSC,VN,Steel,OpenHearth,2027,8505100,8505100,8372476.616665564,8505100,0.024,0.109,1.55,0.27,95.8,95.8,88811955.22,88811955.22,79042323.97650409,79042323.97650409,VN_PDP8_BASELINE,VN_NZE_STRESS,Vietnam,steel_intensity_transition,0.03,0.06,0.02,1,2028,0.15
4672123c-e0d8-45b0-9dff-402524d20be8,VN_ABCD_022_OpenHearth_2030,Hoa Phat Group JSC :: OpenHearth :: 2030,VN_ABCD_022,Hoa Phat Group JSC,VN,Steel,OpenHearth,2028,8438800,8438800,8214619.385597506,8272780.90450812,0.024,0.109,1.55,0.27,98.1734,98.1734,90302759.98327999,42997700.98704045,75819938.59299958,36101698.8747762,VN_PDP8_BASELINE,VN_NZE_STRESS,Vietnam,steel_intensity_transition,0.03,0.06,0.02,1,2028,0.15
4672123c-e0d8-45b0-9dff-402524d20be8,VN_ABCD_022_OpenHearth_2030,Hoa Phat Group JSC :: OpenHearth :: 2030,VN_ABCD_022,Hoa Phat Group JSC,VN,Steel,OpenHearth,2029,8370800,8370800,8040188.572732355,8040461.809016242,0.024,0.109,1.55,0.27,100.5886,107.14645,91778768.76392,37586128.10507204,72697381.15768859,29771733.89768002,VN_PDP8_BASELINE,VN_NZE_STRESS,Vietnam,steel_intensity_transition,0.03,0.06,0.02,1,2028,0.15
4672123c-e0d8-45b0-9dff-402524d20be8,VN_ABCD_022_OpenHearth_2030,Hoa Phat Group JSC :: OpenHearth :: 2030,VN_ABCD_022,Hoa Phat Group JSC,VN,Steel,OpenHearth,2030,8301100,8301100,7848413.035531556,7808142.713524362,0.024,0.109,1.55,0.27,103.0057,116.11949999999999,93201607.17343,31115335.495325234,69645662.6845973,23251188.750351105,VN_PDP8_BASELINE,VN_NZE_STRESS,Vietnam,steel_intensity_transition,0.03,0.06,0.02,1,2028,0.15
4672123c-e0d8-45b0-9dff-402524d20be8,VN_ABCD_022_OpenHearth_2030,Hoa Phat Group JSC :: OpenHearth :: 2030,VN_ABCD_022,Hoa Phat Group JSC,VN,Steel,OpenHearth,2031,NA,8319098.974666808,7658342.250505347,7575823.618032483,0.024,0.109,1.55,0.27,105.4228,125.09254999999999,95595475.10512893,24964974.82924492,67391037.79369932,17599322.147687417,VN_PDP8_BASELINE,VN_NZE_STRESS,Vietnam,steel_intensity_transition,0.03,0.06,0.02,1,2028,0.15
4672123c-e0d8-45b0-9dff-402524d20be8,VN_ABCD_022_OpenHearth_2030,Hoa Phat Group JSC :: OpenHearth :: 2030,VN_ABCD_022,Hoa Phat Group JSC,VN,Steel,OpenHearth,2032,NA,8335535.6378220245,7469976.217653728,7343504.522540604,0.024,0.109,1.55,0.27,107.8399,134.0656,97980462.92957881,19135046.106831077,65162603.86732599,12725898.532839397,VN_PDP8_BASELINE,VN_NZE_STRESS,Vietnam,steel_intensity_transition,0.03,0.06,0.02,1,2028,0.15
4672123c-e0d8-45b0-9dff-402524d20be8,VN_ABCD_022_OpenHearth_2030,Hoa Phat Group JSC :: OpenHearth :: 2030,VN_ABCD_022,Hoa Phat Group JSC,VN,Steel,OpenHearth,2033,NA,NA,NA,NA,0.024,0.109,1.55,0.27,NA,NA,99940072.18817039,19517747.0289677,2498501804.70426,487943675.7241926,VN_PDP8_BASELINE,VN_NZE_STRESS,Vietnam,steel_intensity_transition,0.03,0.06,0.02,1,2028,0.15
4672123c-e0d8-45b0-9dff-402524d20be8,VN_ABCD_023_ElectricArc_2025,NA,VN_ABCD_023,NA,NA,Steel,ElectricArc,2025,NA,NA,NA,NA,NA,NA,NA,NA,NA,NA,8951408.64,NA,8951408.64,NA,VN_PDP8_BASELINE,VN_NZE_STRESS,Vietnam,steel_intensity_transition,0.03,0.06,0.02,1,2028,0.15
4672123c-e0d8-45b0-9dff-402524d20be8,VN_ABCD_023_ElectricArc_2025,NA,VN_ABCD_023,NA,NA,Steel,ElectricArc,2026,NA,NA,NA,NA,NA,NA,NA,NA,NA,NA,9270208.773054913,NA,8745479.974580105,NA,VN_PDP8_BASELINE,VN_NZE_STRESS,Vietnam,steel_intensity_transition,0.03,0.06,0.02,1,2028,0.15
4672123c-e0d8-45b0-9dff-402524d20be8,VN_ABCD_023_ElectricArc_2025,NA,VN_ABCD_023,NA,NA,Steel,ElectricArc,2027,NA,NA,NA,NA,NA,NA,NA,NA,NA,NA,9600539.456141885,NA,8544445.938182523,NA,VN_PDP8_BASELINE,VN_NZE_STRESS,Vietnam,steel_intensity_transition,0.03,0.06,0.02,1,2028,0.15
4672123c-e0d8-45b0-9dff-402524d20be8,VN_ABCD_023_ElectricArc_2025,NA,VN_ABCD_023,NA,NA,Steel,ElectricArc,2028,NA,NA,NA,NA,NA,NA,NA,NA,NA,NA,9989812.007707626,NA,8387638.795538955,NA,VN_PDP8_BASELINE,VN_NZE_STRESS,Vietnam,steel_intensity_transition,0.03,0.06,0.02,1,2028,0.15
4672123c-e0d8-45b0-9dff-402524d20be8,VN_ABCD_023_ElectricArc_2025,NA,VN_ABCD_023,NA,NA,Steel,ElectricArc,2029,NA,NA,NA,NA,NA,NA,NA,NA,NA,NA,10396385.702599097,NA,8234911.2356071,NA,VN_PDP8_BASELINE,VN_NZE_STRESS,Vietnam,steel_intensity_transition,0.03,0.06,0.02,1,2028,0.15
4672123c-e0d8-45b0-9dff-402524d20be8,VN_ABCD_023_ElectricArc_2025,NA,VN_ABCD_023,NA,NA,Steel,ElectricArc,2030,NA,NA,NA,NA,NA,NA,NA,NA,NA,NA,10816734.283389712,NA,8082893.096983435,NA,VN_PDP8_BASELINE,VN_NZE_STRESS,Vietnam,steel_intensity_transition,0.03,0.06,0.02,1,2028,0.15
4672123c-e0d8-45b0-9dff-402524d20be8,VN_ABCD_023_ElectricArc_2025,NA,VN_ABCD_023,NA,NA,Steel,ElectricArc,2031,NA,NA,NA,NA,NA,NA,NA,NA,NA,NA,11246363.998022053,NA,7928242.842026946,NA,VN_PDP8_BASELINE,VN_NZE_STRESS,Vietnam,steel_intensity_transition,0.03,0.06,0.02,1,2028,0.15
4672123c-e0d8-45b0-9dff-402524d20be8,VN_ABCD_023_ElectricArc_2025,NA,VN_ABCD_023,NA,NA,Steel,ElectricArc,2032,NA,NA,NA,NA,NA,NA,NA,NA,NA,NA,11685362.752557792,NA,7771433.623846042,NA,VN_PDP8_BASELINE,VN_NZE_STRESS,Vietnam,steel_intensity_transition,0.03,0.06,0.02,1,2028,0.15
4672123c-e0d8-45b0-9dff-402524d20be8,VN_ABCD_023_ElectricArc_2025,NA,VN_ABCD_023,NA,NA,Steel,ElectricArc,2033,NA,NA,NA,NA,NA,NA,NA,NA,NA,NA,11919070.007608948,NA,297976750.19022375,NA,VN_PDP8_BASELINE,VN_NZE_STRESS,Vietnam,steel_intensity_transition,0.03,0.06,0.02,1,2028,0.15
4672123c-e0d8-45b0-9dff-402524d20be8,VN_ABCD_023_ElectricArc_2026,Pomina Group :: ElectricArc :: 2026,VN_ABCD_023,Pomina Group,VN,Steel,ElectricArc,2025,1245888,1245888,1245888,1245888,0.031,0.082,2.3,0.33,92,92,9398979.072,9398979.072,9398979.072,9398979.072,VN_PDP8_BASELINE,VN_NZE_STRESS,Vietnam,steel_intensity_transition,0.03,0.06,0.02,1,2028,0.15
4672123c-e0d8-45b0-9dff-402524d20be8,VN_ABCD_023_ElectricArc_2026,Pomina Group :: ElectricArc :: 2026,VN_ABCD_023,Pomina Group,VN,Steel,ElectricArc,2026,1252566,1252566,1275676.8032814192,1252566,0.031,0.082,2.3,0.33,93.9,93.9,9644507.686800001,9644507.686800001,9098592.157358492,9098592.157358492,VN_PDP8_BASELINE,VN_NZE_STRESS,Vietnam,steel_intensity_transition,0.03,0.06,0.02,1,2028,0.15
4672123c-e0d8-45b0-9dff-402524d20be8,VN_ABCD_023_ElectricArc_2026,Pomina Group :: ElectricArc :: 2026,VN_ABCD_023,Pomina Group,VN,Steel,ElectricArc,2027,NA,1271646.9489299909,1307089.1610072206,1271646.9489299909,0.031,0.082,2.3,0.33,95.8,95.8,9989549.772014437,9989549.772014437,8890663.73443791,8890663.73443791,VN_PDP8_BASELINE,VN_NZE_STRESS,Vietnam,steel_intensity_transition,0.03,0.06,0.02,1,2028,0.15
4672123c-e0d8-45b0-9dff-402524d20be8,VN_ABCD_023_ElectricArc_2026,Pomina Group :: ElectricArc :: 2026,VN_ABCD_023,Pomina Group,VN,Steel,ElectricArc,2028,NA,1291397.3290062675,1340017.5870810275,1322186.9255468613,0.031,0.082,2.3,0.33,98.1734,98.1734,10396031.056236042,10396031.05623604,8728708.141818449,8728708.141818447,VN_PDP8_BASELINE,VN_NZE_STRESS,Vietnam,steel_intensity_transition,0.03,0.06,0.02,1,2028,0.15
4672123c-e0d8-45b0-9dff-402524d20be8,VN_ABCD_023_ElectricArc_2026,Pomina Group :: ElectricArc :: 2026,VN_ABCD_023,Pomina Group,VN,Steel,ElectricArc,2029,NA,1311868.4433237023,1374685.3390374426,1372726.9021637316,0.031,0.082,2.3,0.33,100.5886,107.14645,10820638.828045066,11526087.818671193,8570959.447881777,9129741.12309439,VN_PDP8_BASELINE,VN_NZE_STRESS,Vietnam,steel_intensity_transition,0.03,0.06,0.02,1,2028,0.15
4672123c-e0d8-45b0-9dff-402524d20be8,VN_ABCD_023_ElectricArc_2026,Pomina Group :: ElectricArc :: 2026,VN_ABCD_023,Pomina Group,VN,Steel,ElectricArc,2030,NA,1333067.1737294772,1410878.6076025534,1423266.878780602,0.031,0.082,2.3,0.33,103.0057,116.11949999999999,11259708.424916167,12693197.681750163,8413909.144607404,9485095.707492298,VN_PDP8_BASELINE,VN_NZE_STRESS,Vietnam,steel_intensity_transition,0.03,0.06,0.02,1,2028,0.15
4672123c-e0d8-45b0-9dff-402524d20be8,VN_ABCD_023_ElectricArc_2026,Pomina Group :: ElectricArc :: 2026,VN_ABCD_023,Pomina Group,VN,Steel,ElectricArc,2031,NA,1354421.1351144158,1447537.5821483885,1473806.8553974726,0.031,0.082,2.3,0.33,105.4228,125.09254999999999,11708523.212321082,13893095.472359259,8254046.851508366,9794084.092574405,VN_PDP8_BASELINE,VN_NZE_STRESS,Vietnam,steel_intensity_transition,0.03,0.06,0.02,1,2028,0.15
4672123c-e0d8-45b0-9dff-402524d20be8,VN_ABCD_023_ElectricArc_2026,Pomina Group :: ElectricArc :: 2026,VN_ABCD_023,Pomina Group,VN,Steel,ElectricArc,2032,NA,1375930.327478519,1484662.2626749487,1524346.832014343,0.031,0.082,2.3,0.33,107.8399,134.0656,12167175.491624562,15126123.842751538,8091866.61339626,10059736.263154337,VN_PDP8_BASELINE,VN_NZE_STRESS,Vietnam,steel_intensity_transition,0.03,0.06,0.02,1,2028,0.15
4672123c-e0d8-45b0-9dff-402524d20be8,VN_ABCD_023_ElectricArc_2026,Pomina Group :: ElectricArc :: 2026,VN_ABCD_023,Pomina Group,VN,Steel,ElectricArc,2033,NA,NA,NA,NA,0.031,0.082,2.3,0.33,NA,NA,12410519.001457054,15428646.319606569,310262975.0364264,385716157.9901643,VN_PDP8_BASELINE,VN_NZE_STRESS,Vietnam,steel_intensity_transition,0.03,0.06,0.02,1,2028,0.15
4672123c-e0d8-45b0-9dff-402524d20be8,VN_ABCD_023_ElectricArc_2027,Pomina Group :: ElectricArc :: 2027,VN_ABCD_023,Pomina Group,VN,Steel,ElectricArc,2025,1305216,1305216,1305216,1305216,0.031,0.082,2.3,0.33,92,92,9846549.504,9846549.504,9846549.504,9846549.504,VN_PDP8_BASELINE,VN_NZE_STRESS,Vietnam,steel_intensity_transition,0.03,0.06,0.02,1,2028,0.15
4672123c-e0d8-45b0-9dff-402524d20be8,VN_ABCD_023_ElectricArc_2027,Pomina Group :: ElectricArc :: 2027,VN_ABCD_023,Pomina Group,VN,Steel,ElectricArc,2026,1312212,1312212,1336423.3177233913,1312212,0.031,0.082,2.3,0.33,93.9,93.9,10103769.957600001,10103769.957600001,9531858.450566038,9531858.450566038,VN_PDP8_BASELINE,VN_NZE_STRESS,Vietnam,steel_intensity_transition,0.03,0.06,0.02,1,2028,0.15
4672123c-e0d8-45b0-9dff-402524d20be8,VN_ABCD_023_ElectricArc_2027,Pomina Group :: ElectricArc :: 2027,VN_ABCD_023,Pomina Group,VN,Steel,ElectricArc,2027,1319472,1319472,1369331.5020075643,1319472,0.031,0.082,2.3,0.33,95.8,95.8,10365244.2432,10365244.2432,9225030.476326093,9225030.476326093,VN_PDP8_BASELINE,VN_NZE_STRESS,Vietnam,steel_intensity_transition,0.03,0.06,0.02,1,2028,0.15
4672123c-e0d8-45b0-9dff-402524d20be8,VN_ABCD_023_ElectricArc_2027,Pomina Group :: ElectricArc :: 2027,VN_ABCD_023,Pomina Group,VN,Steel,ElectricArc,2028,NA,1340162.8743656229,1403827.9483706001,1377510.4683883365,0.031,0.082,2.3,0.33,98.1734,98.1734,10788604.366280176,10788604.366280174,9058320.262935322,9058320.26293532,VN_PDP8_BASELINE,VN_NZE_STRESS,Vietnam,steel_intensity_transition,0.03,0.06,0.02,1,2028,0.15
4672123c-e0d8-45b0-9dff-402524d20be8,VN_ABCD_023_ElectricArc_2027,Pomina Group :: ElectricArc :: 2027,VN_ABCD_023,Pomina Group,VN,Steel,ElectricArc,2029,NA,1361608.8036505547,1440146.5456582732,1435548.936776673,0.031,0.082,2.3,0.33,100.5886,107.14645,11230910.511164505,11963107.067192126,8895933.04828668,9475901.300560862,VN_PDP8_BASELINE,VN_NZE_STRESS,Vietnam,steel_intensity_transition,0.03,0.06,0.02,1,2028,0.15
4672123c-e0d8-45b0-9dff-402524d20be8,VN_ABCD_023_ElectricArc_2027,Pomina Group :: ElectricArc :: 2027,VN_ABCD_023,Pomina Group,VN,Steel,ElectricArc,2030,NA,1383816.9974089852,1478063.303202675,1493587.4051650097,0.031,0.082,2.3,0.33,103.0057,116.11949999999999,11688365.15618088,13176427.302111877,8734226.390399009,9846192.99067855,VN_PDP8_BASELINE,VN_NZE_STRESS,Vietnam,steel_intensity_transition,0.03,0.06,0.02,1,2028,0.15
4672123c-e0d8-45b0-9dff-402524d20be8,VN_ABCD_023_ElectricArc_2027,Pomina Group :: ElectricArc :: 2027,VN_ABCD_023,Pomina Group,VN,Steel,ElectricArc,2031,NA,1406187.8140979686,1516467.9432030737,1551625.8735533461,0.031,0.082,2.3,0.33,105.4228,125.09254999999999,12156029.04842316,14424096.794444147,8569520.807576796,10168419.07156555,VN_PDP8_BASELINE,VN_NZE_STRESS,Vietnam,steel_intensity_transition,0.03,0.06,0.02,1,2028,0.15
4672123c-e0d8-45b0-9dff-402524d20be8,VN_ABCD_023_ElectricArc_2027,Pomina Group :: ElectricArc :: 2027,VN_ABCD_023,Pomina Group,VN,Steel,ElectricArc,2032,NA,1428721.2537175051,1555360.46565947,1609664.3419416826,0.031,0.082,2.3,0.33,107.8399,134.0656,12633998.884559171,15706474.513215946,8402330.831672737,10445702.604942184,VN_PDP8_BASELINE,VN_NZE_STRESS,Vietnam,steel_intensity_transition,0.03,0.06,0.02,1,2028,0.15
4672123c-e0d8-45b0-9dff-402524d20be8,VN_ABCD_023_ElectricArc_2027,Pomina Group :: ElectricArc :: 2027,VN_ABCD_023,Pomina Group,VN,Steel,ElectricArc,2033,NA,NA,NA,NA,0.031,0.082,2.3,0.33,NA,NA,12886678.862250354,16020604.003480265,322166971.5562589,400515100.0870067,VN_PDP8_BASELINE,VN_NZE_STRESS,Vietnam,steel_intensity_transition,0.03,0.06,0.02,1,2028,0.15
4672123c-e0d8-45b0-9dff-402524d20be8,VN_ABCD_023_ElectricArc_2028,Pomina Group :: ElectricArc :: 2028,VN_ABCD_023,Pomina Group,VN,Steel,ElectricArc,2025,1364544,1364544,1364544,1364544,0.031,0.082,2.3,0.33,92,92,10294119.936,10294119.936,10294119.936,10294119.936,VN_PDP8_BASELINE,VN_NZE_STRESS,Vietnam,steel_intensity_transition,0.03,0.06,0.02,1,2028,0.15
4672123c-e0d8-45b0-9dff-402524d20be8,VN_ABCD_023_ElectricArc_2028,Pomina Group :: ElectricArc :: 2028,VN_ABCD_023,Pomina Group,VN,Steel,ElectricArc,2026,1371858,1371858,1397169.832165364,1371858,0.031,0.082,2.3,0.33,93.9,93.9,10563032.228400001,10563032.228400001,9965124.743773585,9965124.743773585,VN_PDP8_BASELINE,VN_NZE_STRESS,Vietnam,steel_intensity_transition,0.03,0.06,0.02,1,2028,0.15
4672123c-e0d8-45b0-9dff-402524d20be8,VN_ABCD_023_ElectricArc_2028,Pomina Group :: ElectricArc :: 2028,VN_ABCD_023,Pomina Group,VN,Steel,ElectricArc,2027,1379448,1379448,1431573.8430079082,1379448,0.031,0.082,2.3,0.33,95.8,95.8,10836391.7088,10836391.7088,9644350.043431824,9644350.043431824,VN_PDP8_BASELINE,VN_NZE_STRESS,Vietnam,steel_intensity_transition,0.03,0.06,0.02,1,2028,0.15
4672123c-e0d8-45b0-9dff-402524d20be8,VN_ABCD_023_ElectricArc_2028,Pomina Group :: ElectricArc :: 2028,VN_ABCD_023,Pomina Group,VN,Steel,ElectricArc,2028,1387176.0000000002,1387176.0000000002,1467638.3096601728,1440124.5805878064,0.031,0.082,2.3,0.33,98.1734,98.1734,11167070.314108802,11167070.3141088,9376087.570703333,9376087.570703331,VN_PDP8_BASELINE,VN_NZE_STRESS,Vietnam,steel_intensity_transition,0.03,0.06,0.02,1,2028,0.15
4672123c-e0d8-45b0-9dff-402524d20be8,VN_ABCD_023_ElectricArc_2028,Pomina Group :: ElectricArc :: 2028,VN_ABCD_023,Pomina Group,VN,Steel,ElectricArc,2029,NA,1409596.7442524289,1505607.7522791037,1500801.1611756128,0.031,0.082,2.3,0.33,100.5886,107.14645,11626727.771650609,12384729.540412864,9209457.392117957,9809865.78987775,VN_PDP8_BASELINE,VN_NZE_STRESS,Vietnam,steel_intensity_transition,0.03,0.06,0.02,1,2028,0.15
4672123c-e0d8-45b0-9dff-402524d20be8,VN_ABCD_023_ElectricArc_2028,Pomina Group :: ElectricArc :: 2028,VN_ABCD_023,Pomina Group,VN,Steel,ElectricArc,2030,NA,1432814.4013635155,1545247.9988027967,1561477.7417634192,0.031,0.082,2.3,0.33,103.0057,116.11949999999999,12102220.13136745,13642970.73408872,9043482.902988454,10194821.383220226,VN_PDP8_BASELINE,VN_NZE_STRESS,Vietnam,steel_intensity_transition,0.03,0.06,0.02,1,2028,0.15
4672123c-e0d8-45b0-9dff-402524d20be8,VN_ABCD_023_ElectricArc_2028,Pomina Group :: ElectricArc :: 2028,VN_ABCD_023,Pomina Group,VN,Steel,ElectricArc,2031,NA,1456202.0733565434,1585398.304257759,1622154.3223512257,0.031,0.082,2.3,0.33,105.4228,125.09254999999999,12588385.79500228,14937122.515059479,8874315.253307953,10530081.960829988,VN_PDP8_BASELINE,VN_NZE_STRESS,Vietnam,steel_intensity_transition,0.03,0.06,0.02,1,2028,0.15
4672123c-e0d8-45b0-9dff-402524d20be8,VN_ABCD_023_ElectricArc_2028,Pomina Group :: ElectricArc :: 2028,VN_ABCD_023,Pomina Group,VN,Steel,ElectricArc,2032,NA,1479759.7602315133,1626058.6686439915,1682830.902939032,0.031,0.082,2.3,0.33,107.8399,134.0656,13085325.854526011,16267560.169126105,8702489.043618798,10818856.61175669,VN_PDP8_BASELINE,VN_NZE_STRESS,Vietnam,steel_intensity_transition,0.03,0.06,0.02,1,2028,0.15
4672123c-e0d8-45b0-9dff-402524d20be8,VN_ABCD_023_ElectricArc_2028,Pomina Group :: ElectricArc :: 2028,VN_ABCD_023,Pomina Group,VN,Steel,ElectricArc,2033,NA,NA,NA,NA,0.031,0.082,2.3,0.33,NA,NA,13347032.371616531,16592911.372508626,333675809.2904133,414822784.3127157,VN_PDP8_BASELINE,VN_NZE_STRESS,Vietnam,steel_intensity_transition,0.03,0.06,0.02,1,2028,0.15
4672123c-e0d8-45b0-9dff-402524d20be8,VN_ABCD_023_ElectricArc_2029,Pomina Group :: ElectricArc :: 2029,VN_ABCD_023,Pomina Group,VN,Steel,ElectricArc,2025,1423872,1423872,1423872,1423872,0.031,0.082,2.3,0.33,92,92,10741690.368,10741690.368,10741690.368,10741690.368,VN_PDP8_BASELINE,VN_NZE_STRESS,Vietnam,steel_intensity_transition,0.03,0.06,0.02,1,2028,0.15
4672123c-e0d8-45b0-9dff-402524d20be8,VN_ABCD_023_ElectricArc_2029,Pomina Group :: ElectricArc :: 2029,VN_ABCD_023,Pomina Group,VN,Steel,ElectricArc,2026,1431504,1431504,1457916.346607336,1431504,0.031,0.082,2.3,0.33,93.9,93.9,11022294.4992,11022294.4992,10398391.036981132,10398391.036981132,VN_PDP8_BASELINE,VN_NZE_STRESS,Vietnam,steel_intensity_transition,0.03,0.06,0.02,1,2028,0.15
4672123c-e0d8-45b0-9dff-402524d20be8,VN_ABCD_023_ElectricArc_2029,Pomina Group :: ElectricArc :: 2029,VN_ABCD_023,Pomina Group,VN,Steel,ElectricArc,2027,1439424,1439424,1493816.184008252,1439424,0.031,0.082,2.3,0.33,95.8,95.8,11307539.1744,11307539.1744,10063669.610537557,10063669.610537557,VN_PDP8_BASELINE,VN_NZE_STRESS,Vietnam,steel_intensity_transition,0.03,0.06,0.02,1,2028,0.15
4672123c-e0d8-45b0-9dff-402524d20be8,VN_ABCD_023_ElectricArc_2029,Pomina Group :: ElectricArc :: 2029,VN_ABCD_023,Pomina Group,VN,Steel,ElectricArc,2028,1447488.0000000002,1447488.0000000002,1531448.6709497455,1502738.692787276,0.031,0.082,2.3,0.33,98.1734,98.1734,11652595.110374404,11652595.110374402,9783743.552038264,9783743.552038262,VN_PDP8_BASELINE,VN_NZE_STRESS,Vietnam,steel_intensity_transition,0.03,0.06,0.02,1,2028,0.15
4672123c-e0d8-45b0-9dff-402524d20be8,VN_ABCD_023_ElectricArc_2029,Pomina Group :: ElectricArc :: 2029,VN_ABCD_023,Pomina Group,VN,Steel,ElectricArc,2029,1455695.9999999998,1455695.9999999998,1571068.9588999343,1566053.3855745525,0.031,0.082,2.3,0.33,100.5886,107.14645,12006966.658579199,12789758.0116944,9510642.204970771,10130686.275410837,VN_PDP8_BASELINE,VN_NZE_STRESS,Vietnam,steel_intensity_transition,0.03,0.06,0.02,1,2028,0.15
4672123c-e0d8-45b0-9dff-402524d20be8,VN_ABCD_023_ElectricArc_2029,Pomina Group :: ElectricArc :: 2029,VN_ABCD_023,Pomina Group,VN,Steel,ElectricArc,2030,NA,1479923.1204637422,1612432.6944029182,1629368.0783618286,0.031,0.082,2.3,0.33,103.0057,116.11949999999999,12500122.391503273,14091530.48850854,9340818.618876822,10530011.325729227,VN_PDP8_BASELINE,VN_NZE_STRESS,Vietnam,steel_intensity_transition,0.03,0.06,0.02,1,2028,0.15
4672123c-e0d8-45b0-9dff-402524d20be8,VN_ABCD_023_ElectricArc_2029,Pomina Group :: ElectricArc :: 2029,VN_ABCD_023,Pomina Group,VN,Steel,ElectricArc,2031,NA,1504327.6477608152,1654328.665312444,1692682.771149105,0.031,0.082,2.3,0.33,105.4228,125.09254999999999,13004415.485037427,15430774.882499976,9167599.768434081,10878087.400570167,VN_PDP8_BASELINE,VN_NZE_STRESS,Vietnam,steel_intensity_transition,0.03,0.06,0.02,1,2028,0.15
4672123c-e0d8-45b0-9dff-402524d20be8,VN_ABCD_023_ElectricArc_2029,Pomina Group :: ElectricArc :: 2029,VN_ABCD_023,Pomina Group,VN,Steel,ElectricArc,2032,NA,1528909.5818912184,1696756.8716285129,1755997.463936381,0.031,0.082,2.3,0.33,107.8399,134.0656,13519951.426455647,16807882.796243615,8991539.871992778,11178202.018572299,VN_PDP8_BASELINE,VN_NZE_STRESS,Vietnam,steel_intensity_transition,0.03,0.06,0.02,1,2028,0.15
4672123c-e0d8-45b0-9dff-402524d20be8,VN_ABCD_023_ElectricArc_2029,Pomina Group :: ElectricArc :: 2029,VN_ABCD_023,Pomina Group,VN,Steel,ElectricArc,2033,NA,NA,NA,NA,0.031,0.082,2.3,0.33,NA,NA,13790350.45498476,17144040.452168487,344758761.37461907,428601011.3042122,VN_PDP8_BASELINE,VN_NZE_STRESS,Vietnam,steel_intensity_transition,0.03,0.06,0.02,1,2028,0.15
4672123c-e0d8-45b0-9dff-402524d20be8,VN_ABCD_023_ElectricArc_2030,Pomina Group :: ElectricArc :: 2030,VN_ABCD_023,Pomina Group,VN,Steel,ElectricArc,2025,1483200,1483200,1483200,1483200,0.031,0.082,2.3,0.33,92,92,11189260.8,11189260.8,11189260.8,11189260.8,VN_PDP8_BASELINE,VN_NZE_STRESS,Vietnam,steel_intensity_transition,0.03,0.06,0.02,1,2028,0.15
4672123c-e0d8-45b0-9dff-402524d20be8,VN_ABCD_023_ElectricArc_2030,Pomina Group :: ElectricArc :: 2030,VN_ABCD_023,Pomina Group,VN,Steel,ElectricArc,2026,1491150,1491150,1518662.8610493084,1491150,0.031,0.082,2.3,0.33,93.9,93.9,11481556.77,11481556.77,10831657.330188679,10831657.330188679,VN_PDP8_BASELINE,VN_NZE_STRESS,Vietnam,steel_intensity_transition,0.03,0.06,0.02,1,2028,0.15
4672123c-e0d8-45b0-9dff-402524d20be8,VN_ABCD_023_ElectricArc_2030,Pomina Group :: ElectricArc :: 2030,VN_ABCD_023,Pomina Group,VN,Steel,ElectricArc,2027,1499400,1499400,1556058.525008596,1499400,0.031,0.082,2.3,0.33,95.8,95.8,11778686.64,11778686.64,10482989.177643288,10482989.177643288,VN_PDP8_BASELINE,VN_NZE_STRESS,Vietnam,steel_intensity_transition,0.03,0.06,0.02,1,2028,0.15
4672123c-e0d8-45b0-9dff-402524d20be8,VN_ABCD_023_ElectricArc_2030,Pomina Group :: ElectricArc :: 2030,VN_ABCD_023,Pomina Group,VN,Steel,ElectricArc,2028,1507800.0000000002,1507800.0000000002,1595259.0322393186,1565352.804986746,0.031,0.082,2.3,0.33,98.1734,98.1734,12138119.90664,12138119.906640003,10191399.533373186,10191399.533373188,VN_PDP8_BASELINE,VN_NZE_STRESS,Vietnam,steel_intensity_transition,0.03,0.06,0.02,1,2028,0.15
4672123c-e0d8-45b0-9dff-402524d20be8,VN_ABCD_023_ElectricArc_2030,Pomina Group :: ElectricArc :: 2030,VN_ABCD_023,Pomina Group,VN,Steel,ElectricArc,2029,1516349.9999999998,1516349.9999999998,1636530.1655207651,1631305.609973492,0.031,0.082,2.3,0.33,100.5886,107.14645,12507256.93602,13322664.595514998,9906918.963511221,10552798.203552954,VN_PDP8_BASELINE,VN_NZE_STRESS,Vietnam,steel_intensity_transition,0.03,0.06,0.02,1,2028,0.15
4672123c-e0d8-45b0-9dff-402524d20be8,VN_ABCD_023_ElectricArc_2030,Pomina Group :: ElectricArc :: 2030,VN_ABCD_023,Pomina Group,VN,Steel,ElectricArc,2030,1525050,1525050,1679617.3900030397,1697258.4149602384,0.031,0.082,2.3,0.33,103.0057,116.11949999999999,12881285.10837,14521219.564949999,9625645.574247316,10851099.999891376,VN_PDP8_BASELINE,VN_NZE_STRESS,Vietnam,steel_intensity_transition,0.03,0.06,0.02,1,2028,0.15
4672123c-e0d8-45b0-9dff-402524d20be8,VN_ABCD_023_ElectricArc_2030,Pomina Group :: ElectricArc :: 2030,VN_ABCD_023,Pomina Group,VN,Steel,ElectricArc,2031,NA,1550471.3826011175,1723259.026367129,1763211.2199469844,0.031,0.082,2.3,0.33,105.4228,125.09254999999999,13403312.82684185,15904098.354031151,9448806.654092478,11211761.770863568,VN_PDP8_BASELINE,VN_NZE_STRESS,Vietnam,steel_intensity_transition,0.03,0.06,0.02,1,2028,0.15
4672123c-e0d8-45b0-9dff-402524d20be8,VN_ABCD_023_ElectricArc_2030,Pomina Group :: ElectricArc :: 2030,VN_ABCD_023,Pomina Group,VN,Steel,ElectricArc,2032,NA,1576077.5639869545,1767455.074613034,1829164.0249337305,0.031,0.082,2.3,0.33,107.8399,134.0656,13937051.845192937,17326418.309520856,9268935.472568868,11523057.750343136,VN_PDP8_BASELINE,VN_NZE_STRESS,Vietnam,steel_intensity_transition,0.03,0.06,0.02,1,2028,0.15
4672123c-e0d8-45b0-9dff-402524d20be8,VN_ABCD_023_ElectricArc_2030,Pomina Group :: ElectricArc :: 2030,VN_ABCD_023,Pomina Group,VN,Steel,ElectricArc,2033,NA,NA,NA,NA,0.031,0.082,2.3,0.33,NA,NA,14215792.882096795,17672946.675711274,355394822.05241996,441823666.8927819,VN_PDP8_BASELINE,VN_NZE_STRESS,Vietnam,steel_intensity_transition,0.03,0.06,0.02,1,2028,0.15
